-0.64513,-0.81401,0.18025,0.11161,-1.3375,0.0092338,-0.31413,-0.0799,0
-0.63561,0.5331,0.13118,0.11599,-1.3107,0.0057298,-0.26958,0.083164,0
-0.64397,-2.0374,-0.034797,0.057461,-1.3761,0.0034452,-0.31355,0.035292,0
-0.64027,1.1133,0.31756,0.11673,-1.3036,0.0049854,-0.25601,-0.045437,0
-0.63893,-2.1511,-0.27208,0.0373,-1.398,0.0038752,-0.3502,0.095065,0
-0.64532,0.58537,0.39188,0.12075,-1.3178,0.0043565,-0.25796,-0.12271,0
-0.63644,-1.2591,-0.37433,0.046465,-1.4058,0.0037982,-0.31223,0.13072,0
-0.64396,-0.58404,0.30907,0.13914,-1.3516,0.0028099,-0.23076,-0.1488,0
-0.63965,-0.072211,-0.23557,0.07865,-1.3778,0.0040228,-0.24171,0.14291,0
-0.63851,-1.5984,0.021973,0.068778,-1.3936,0.0045298,-0.27671,-0.065711,0
-0.64424,0.81221,0.065573,0.086608,-1.3493,0.005563,-0.2407,0.040719,0
-0.63674,-2.1134,-0.28925,0.033748,-1.4325,0.0057298,-0.32971,0.021614,0
-0.6426,1.0889,0.29313,0.097341,-1.3418,0.0071096,-0.244,-0.06279,0
-0.64013,-1.7621,-0.4607,-0.015092,-1.4468,-0.010385,-0.34232,0.12702,0
-0.63758,0.49413,0.37364,0.054031,-1.3493,-0.013144,-0.26662,-0.12052,0
-0.64401,-0.75946,-0.37778,-0.044688,-1.4207,-0.013208,-0.34056,0.15004,0
-0.63643,-0.62941,0.22471,0.034095,-1.3815,-0.010397,-0.31839,-0.1121,0
-0.6416,0.39894,-0.08863,0.021564,-1.3842,-0.0088764,-0.31366,0.084551,0
-0.64071,-1.74,-0.017863,0.0011646,-1.4283,-0.0071308,-0.33576,-0.055367,0
-0.63508,1.0872,0.12446,0.044147,-1.3753,-0.0066688,-0.27333,0.0071082,0
-0.64363,-1.969,-0.3453,-0.0023937,-1.4705,-0.0066559,-0.34968,0.04673,0
-0.63651,0.99477,0.33228,0.084572,-1.3811,-0.0058666,-0.27392,-0.08596,0
-0.63955,-1.3193,-0.42783,0.0074269,-1.4608,-0.005443,-0.35646,0.05997,0
-0.64236,0.094484,0.35145,0.08181,-1.4057,-0.0036975,-0.28665,-0.12916,0
-0.6345,-0.3265,-0.36967,0.0039843,-1.4534,-0.0062966,-0.30801,0.12006,0
-0.64504,-0.98663,0.077123,0.03685,-1.4467,-0.0022022,-0.28376,-0.11358,0
-0.63504,0.79972,-0.054994,0.0029181,-1.4438,-0.001631,-0.26841,0.07248,0
-0.64029,-1.3252,-0.13136,-0.042055,-1.4943,-0.0016439,-0.32374,-0.033317,0
-0.64097,1.2195,0.20189,0.0054037,-1.436,-0.0015027,-0.27566,-0.01594,0
-0.63392,-1.9733,-0.40459,-0.059397,-1.5292,-0.0053981,-0.3611,0.082118,0
-0.64668,0.62232,0.38801,0.030055,-1.434,-0.0025616,-0.26977,-0.097447,0
-0.63156,-0.89116,-0.39921,-0.054284,-1.4744,-0.0076314,-0.29388,0.079173,0
-0.64565,-0.3296,0.34955,-0.01127,-1.442,-0.0059372,-0.26967,-0.12492,0
-0.63759,0.10254,-0.21707,-0.052698,-1.4656,-0.0097877,-0.29964,0.090733,0
-0.63682,-1.369,0.12896,-0.0025478,-1.4767,-0.01109,-0.30691,-0.1047,0
-0.64525,0.60029,0.095367,0.039329,-1.452,-0.0421,-0.28123,0.042934,0
-0.63434,-1.4931,-0.14309,0.012,-1.4841,-0.046746,-0.29831,-0.013092,0
-0.63711,1.0283,0.37136,0.05213,-1.4565,-0.047125,-0.25881,-0.032197,0
-0.64531,-1.8914,-0.38328,-0.04219,-1.548,-0.051084,-0.36665,0.14885,0
-0.62882,0.40277,0.46562,0.05978,-1.471,-0.049576,-0.31718,-0.11848,0
-0.64541,-0.19729,-0.32094,0.034185,-1.4723,-0.054043,-0.32625,0.065957,0
-0.63611,-0.029351,0.30626,0.066794,-1.4612,-0.052644,-0.30773,-0.11234,0
-0.63253,0.4542,-0.060126,0.021243,-1.4726,-0.056051,-0.28837,0.06603,0
-0.65021,-0.71171,0.040782,0.011987,-1.4978,-0.05453,-0.29184,-0.039474,0
-0.6239,1.0806,0.30072,0.041166,-1.4803,-0.056218,-0.26833,-0.024166,0
-0.6521,-1.4578,0.0040111,0.015751,-1.523,-0.053638,-0.29338,0.029548,0
-0.62836,1.1069,0.40032,0.089743,-1.4949,-0.051591,-0.2483,-0.076322,0
-0.64099,-0.85329,-0.17263,0.033041,-1.527,-0.055166,-0.25729,0.075376,0
-0.64079,0.31123,0.43075,0.086152,-1.5012,-0.054916,-0.22414,-0.10351,0
-0.63115,0.10719,0.0036513,0.079261,-1.5111,-0.056809,-0.21868,0.061163,0
-0.64773,0.066157,0.34858,0.11853,-1.51,-0.060338,-0.2063,-0.075519,0
-0.63342,0.8562,0.078119,0.11865,-1.5107,-0.062199,-0.2206,0.0084468,0
-0.63813,-0.59849,0.045183,0.09797,-1.5335,-0.061692,-0.24805,-0.031954,0
-0.64184,1.2667,0.33972,0.12197,-1.5077,-0.060274,-0.23291,-0.045656,0
-0.62967,-0.52087,-0.048634,0.077636,-1.5308,-0.061596,-0.27071,0.013266,0
-0.64563,1.2027,0.45409,0.12393,-1.4986,-0.049762,-0.25133,-0.073815,0
-0.63495,-0.27067,-0.14816,0.087546,-1.5198,-0.040816,-0.30043,0.080779,0
-0.63604,0.65651,0.42051,0.11431,-1.4986,-0.044545,-0.30901,-0.091947,0
-0.64344,0.56251,0.10588,0.0877,-1.4976,-0.044737,-0.30731,0.0072056,0
-0.62839,0.03912,0.34514,0.10885,-1.4965,-0.04294,-0.31053,-0.073718,0
-0.64535,1.0761,0.12954,0.11899,-1.4853,-0.043839,-0.29575,-0.0085653,0
-0.63357,-0.35175,-0.036024,0.074231,-1.5092,-0.043537,-0.3075,-0.023046,0
-0.63559,1.3828,0.3539,0.10306,-1.4871,-0.041541,-0.28548,-0.063715,0
-0.64483,-0.090893,-0.039647,0.065085,-1.5144,-0.040688,-0.30659,0.00051268,0
-0.62922,1.1738,0.41217,0.10866,-1.4987,-0.036446,-0.28019,-0.083404,0
-0.64384,0.20817,-0.1871,0.065561,-1.5227,-0.034829,-0.29126,0.026725,0
-0.63367,0.60106,0.24196,0.073255,-1.5145,-0.031042,-0.27577,-0.068996,0
-0.634,0.9912,0.16868,0.042008,-1.5036,-0.032133,-0.25808,-0.016207,0
-0.64566,0.2461,0.2577,0.037537,-1.5074,-0.02578,-0.24791,-0.054102,0
-0.62541,1.3119,0.23822,0.056003,-1.4876,-0.02741,-0.22314,-0.029837,0
-0.64498,-0.02709,0.025223,0.036837,-1.5067,-0.027108,-0.23211,-0.011072,0
-0.63188,1.4349,0.38622,0.077302,-1.4751,-0.027648,-0.20224,-0.077563,0
-0.63419,0.31876,0.081992,0.056909,-1.4914,-0.029913,-0.22431,-0.00041216,0
-0.64248,1.1234,0.41267,0.097373,-1.4685,-0.032749,-0.20608,-0.080825,0
-0.62955,0.65459,-0.10143,0.075657,-1.4834,-0.036054,-0.2344,0.0077167,0
-0.64754,0.6693,0.30074,0.081425,-1.4824,-0.04013,-0.2585,-0.058458,0
-0.6316,1.2668,-0.20589,0.071014,-1.4746,-0.025299,-0.27188,-0.04186,0
-0.63745,0.4077,-0.24028,0.054738,-1.4839,0.0076294,-0.3072,-0.065881,0
-0.64417,1.5141,0.22455,0.042933,-1.4661,-0.0017851,-0.30463,-0.055708,0
-0.62775,0.38899,-0.21974,0.0072792,-1.4864,-0.00048231,-0.31777,-0.068996,0
-0.64324,1.3516,0.35979,0.018339,-1.4628,0.0025147,-0.2902,-0.061695,0
-0.63241,0.53665,-0.64564,-0.0011348,-1.4782,0.0041447,-0.30453,-0.033658,0
-0.63868,0.98086,0.32114,0.033613,-1.4598,0.0043886,-0.29386,-0.078245,0
-0.64249,1.0365,-0.36993,0.0024171,-1.4598,0.0026238,-0.29225,-0.03266,0
-0.63033,0.63366,0.15487,0.0083583,-1.4472,-0.00022561,-0.26837,-0.087347,0
-0.64278,1.2407,-0.15985,-0.0080201,-1.4319,-0.0014128,-0.23757,-0.010001,0
-0.63702,-0.024059,-0.34783,-0.024476,-1.4457,-0.0067394,-0.24281,-0.065394,0
-0.63335,1.3929,0.19881,0.002385,-1.415,-0.0031905,-0.21694,-0.050013,0
-0.64336,0.010902,-0.56694,-0.0023937,-1.43,-0.0010856,-0.23508,-0.063715,0
-0.62868,1.3223,0.35977,0.048688,-1.4046,0.0033874,-0.21087,-0.069629,0
-0.64203,0.19241,-0.67944,0.023992,-1.43,0.0018344,-0.22548,-0.014041,0
-0.63263,0.68391,0.18662,0.059112,-1.4227,0.0059929,-0.21044,-0.097155,0
-0.63485,0.71351,-0.2088,0.051783,-1.4302,0.0036249,-0.22512,0.0032872,0
-0.64177,-0.088318,0.037429,0.061906,-1.4419,0.0028291,-0.24529,-0.10324,0
-0.62908,1.2411,0.087074,0.059202,-1.4361,0.0019178,-0.24085,0.0064998,0
-0.63336,-0.54958,-0.11263,0.029079,-1.4831,0.0011156,-0.26404,-0.062401,0
-0.63676,1.3067,0.28375,0.070744,-1.439,0.0013018,-0.19456,-0.042176,0
-0.59494,-0.36233,-0.20622,0.010163,-1.5251,-0.0017209,-0.25394,0.0039687,0
-0.60675,1.1994,0.38175,0.05626,-1.4556,-2.03E-05,-0.19105,-0.09494,0
-0.43121,0.17125,-0.19562,-0.046082,-1.5025,-0.0066431,-0.23254,0.05374,0
-0.4655,0.50044,0.30781,-0.001321,-1.4737,-0.010725,-0.19077,-0.10711,0
-0.44673,0.78589,0.031577,-0.012805,-1.4792,-0.011046,-0.18485,0.043591,0
-0.46467,-0.33609,0.13331,-0.00037687,-1.5117,-0.011475,-0.20459,-0.088467,0
-0.52822,1.3576,0.23461,0.027312,-1.456,-0.010596,-0.16096,0.013533,0
-0.35771,-0.76013,-0.15382,-0.0076476,-1.5318,-0.010718,-0.25354,-0.0061559,0
-0.4055,1.3668,0.45922,0.069157,-1.4392,-0.010237,-0.19652,-0.059772,0
-0.41945,-0.61414,-0.13255,0.025996,-1.5137,-0.012489,-0.2821,0.058753,0
-0.48904,0.83049,0.51239,0.10585,-1.4557,-0.013933,-0.23685,-0.12488,0
-0.3059,0.00072321,-0.17054,0.061026,-1.5205,-0.014626,-0.30827,0.10758,0
-0.5573,-0.08521,0.28351,0.099872,-1.5036,-0.010571,-0.30912,-0.11801,0
-0.37655,0.81191,0.089149,0.063846,-1.4806,-0.0093898,-0.29701,0.08404,0
-0.5711,-0.7017,0.042998,0.016091,-1.5258,-0.011302,-0.34306,-0.027549,0
-0.26273,1.4402,0.37638,0.047294,-1.4678,-0.011546,-0.27414,-0.010099,0
-0.5202,-1.0736,-0.1624,-0.032645,-1.5605,-0.011475,-0.34385,0.081899,0
-0.46693,1.2814,0.51719,0.014222,-1.4834,-0.0096978,-0.24971,-0.10095,0
-0.28031,-0.92225,-0.30876,-0.10093,-1.5815,-0.011918,-0.31542,0.17088,0
-0.52802,0.44898,0.45498,-0.0016743,-1.5182,-0.013144,-0.25641,-0.13495,0
-0.30916,0.095017,-0.10575,-0.034373,-1.556,-0.013523,-0.28426,0.1306,0
-0.62942,-0.49823,0.24822,0.0075169,-1.5673,-0.010076,-0.27644,-0.096498,0
-0.40687,1.0637,0.15482,0.005089,-1.5464,-0.012047,-0.24931,0.077055,0
-0.37608,-1.1774,-0.074838,-0.032678,-1.6154,-0.0090753,-0.3162,0.028209,0
-0.54327,1.4183,0.39215,0.057911,-1.5304,-0.019189,-0.22929,-0.046898,0
-0.39255,-1.421,-0.32969,-0.016312,-1.6267,-0.039578,-0.32233,0.12663,0
-0.3969,0.89839,0.49032,0.072645,-1.5379,-0.029124,-0.24674,-0.12587,0
-0.36821,-0.4342,-0.20286,-0.037058,-1.5999,-0.031472,-0.30987,0.14712,0
-0.43615,0.22016,0.42585,0.028057,-1.565,-0.028495,-0.27799,-0.13544,0
-0.36841,0.38308,-0.10537,-0.039345,-1.5975,-0.031062,-0.30332,0.14727,0
-0.43669,-0.68215,0.050566,-0.035472,-1.6249,-0.028193,-0.3457,-0.05157,0
-0.50141,1.2192,0.23528,0.0027125,-1.5637,-0.028976,-0.2976,0.031397,0
-0.31385,-0.95996,-0.10348,-0.046069,-1.635,-0.030677,-0.35638,0.026116,0
-0.52473,1.47,0.46479,0.016021,-1.569,-0.033622,-0.27062,-0.063058,0
-0.45926,-1.0914,-0.32315,-0.078576,-1.6782,-0.0366,-0.35052,0.14386,0
-0.35518,0.86986,0.48601,0.0099447,-1.6026,-0.03841,-0.26524,-0.12332,0
-0.4965,-0.41804,-0.28138,-0.076475,-1.6694,-0.038609,-0.30592,0.17358,0
-0.38033,-0.25894,0.28577,-0.044053,-1.6456,-0.037126,-0.26714,-0.10913,0
-0.4914,0.71461,-0.021576,-0.097151,-1.649,-0.037011,-0.25331,0.10276,0
-0.36043,-1.0494,-0.015178,-0.13658,-1.6956,-0.03583,-0.28405,-0.044512,0
-0.61265,1.2457,0.24325,-0.083521,-1.6348,-0.034373,-0.21125,0.017501,0
-0.26063,-1.2862,-0.36574,-0.15161,-1.7297,-0.032371,-0.29478,0.091439,0
-0.47151,1.2436,0.40425,-0.05124,-1.6374,-0.029284,-0.20769,-0.11147,0
-0.37587,-0.79173,-0.33092,-0.12129,-1.7189,-0.033757,-0.2842,0.14413,0
-0.33051,0.53952,0.40097,0.0043889,-1.6668,-0.029085,-0.24178,-0.14919,0
-0.55007,-0.041874,-0.34248,-0.032902,-1.7314,-0.033051,-0.30335,0.16849,0
-0.30824,-0.42868,0.076827,0.026529,-1.7313,0.0077192,-0.31141,-0.099784,0
-0.37127,0.94246,-0.070264,0.022386,-1.7112,0.0063523,-0.28791,0.082361,0
-0.56039,-0.81397,-0.23449,-0.020326,-1.7774,0.00035196,-0.35646,-0.037114,0
-0.34822,1.4677,0.25967,0.014839,-1.7012,0.0066989,-0.28694,-0.0049147,0
-0.495,-1.2868,-0.52313,-0.089058,-1.8218,0.0047993,-0.4013,0.070192,0
-0.48433,1.0696,0.4102,-0.023377,-1.7017,0.010787,-0.27662,-0.11414,0
-0.34847,-0.73628,-0.65833,-0.12154,-1.819,0.0077449,-0.36742,0.14092,0
-0.55263,0.17759,0.28409,-0.040616,-1.7204,0.01293,-0.27517,-0.14819,0
-0.4303,0.21636,-0.49469,-0.085994,-1.7843,0.0093685,-0.31228,0.13863,0
-0.29076,-0.66684,-0.10761,-0.055492,-1.7726,0.010851,-0.30767,-0.096011,0
-0.51237,1.1061,-0.11648,-0.020359,-1.7258,0.0074433,-0.23873,0.045611,0
-0.42284,-1.1113,-0.58367,-0.051195,-1.8292,0.0070262,-0.36093,-0.00036348,0
-0.4327,1.4492,0.23305,0.028038,-1.6495,0.012898,-0.18463,-0.048309,0
-0.43204,-1.0206,-0.84223,-0.053128,-1.816,0.012378,-0.36162,0.090173,0
-0.48896,1.0215,0.34098,0.058887,-1.6272,0.019367,-0.21185,-0.12656,0
-0.45132,-0.44338,-0.70886,-0.02314,-1.7258,0.016056,-0.30984,0.13973,0
-0.44471,-0.052843,0.13422,0.042091,-1.6614,0.019945,-0.2711,-0.15009,0
-0.42924,0.46752,-0.21141,0.0052817,-1.6617,0.017949,-0.2621,0.16316,0
-0.5351,-1.0898,-0.096114,0.017132,-1.697,0.019335,-0.30469,-0.087079,0
-0.42444,1.1644,0.10284,0.07217,-1.6368,0.019489,-0.24103,0.036314,0
-0.54974,-1.2116,-0.40138,0.020652,-1.7361,0.016325,-0.34175,0.05941,0
-0.44268,1.2632,0.3129,0.11709,-1.6386,0.017191,-0.24738,-0.087517,0
-0.36513,-1.0523,-0.50078,0.021898,-1.7615,0.013148,-0.35049,0.18706,0
-0.36852,0.70369,0.32431,0.11595,-1.6719,0.016543,-0.24598,-0.1378,0
-0.51016,-0.1494,-0.4192,0.022829,-1.7319,0.013752,-0.28392,0.18127,0
-0.52526,-0.28662,0.12211,0.055631,-1.7121,0.016094,-0.27634,-0.12617,0
-0.49092,0.73389,-0.13262,0.050126,-1.7025,0.017532,-0.25652,0.10222,0
-0.38833,-1.116,-0.21139,0.050415,-1.7615,0.016293,-0.30178,-0.032173,0
-0.58597,1.3884,0.1469,0.11151,-1.6778,0.015645,-0.20558,-0.0013857,0
-0.38475,-1.3462,-0.47185,0.009585,-1.7803,0.012539,-0.30056,0.075522,0
-0.48573,1.1267,0.30874,0.087553,-1.6696,0.015619,-0.19901,-0.10266,0
-0.41904,-0.86714,-0.54329,-0.012606,-1.7669,0.017872,-0.29365,0.15542,0
-0.58746,0.33586,0.2237,0.076929,-1.6913,0.020548,-0.23352,-0.15627,0
-0.43336,0.20179,-0.26516,0.026554,-1.7135,0.018751,-0.26637,0.17467,0
-0.5027,-0.38937,0.049262,0.06084,-1.7215,0.015613,-0.27907,-0.11463,0
-0.48495,0.95417,0.018626,0.050403,-1.69,0.010928,-0.2433,0.097962,0
-0.48226,-1.2901,-0.17055,-0.0022331,-1.7614,0.0069491,-0.32585,0.028818,0
-0.50035,1.37,0.24945,0.076113,-1.6837,0.0060122,-0.25703,-0.043904,0
-0.47188,-1.2411,-0.33085,-0.021971,-1.7759,0.0048699,-0.33617,0.14686,0
-0.52305,1.0878,0.33758,0.09255,-1.6985,0.0063844,-0.26077,-0.13561,0
-0.40865,-0.63112,-0.33094,0.0075233,-1.7725,0.0049405,-0.32022,0.1958,0
-0.50696,0.073317,0.23233,0.068008,-1.7323,0.009914,-0.28164,-0.14581,0
-0.39557,0.2738,-0.16015,-0.017699,-1.7513,0.010639,-0.28997,0.16207,0
-0.57641,-0.98605,-0.0012759,-0.037662,-1.7851,0.01431,-0.31012,-0.049477,0
-0.44933,1.1562,0.10904,-0.029428,-1.7184,0.015253,-0.24996,0.048556,0
-0.44237,-1.5476,-0.24349,-0.10357,-1.7818,0.013476,-0.31099,0.092145,0
-0.4873,1.2132,0.28939,-0.0086303,-1.7117,0.018045,-0.24891,-0.08961,0
-0.4146,-1.2756,-0.39275,-0.10819,-1.7853,0.017147,-0.31417,0.20373,0
-0.491,0.76751,0.31775,-0.0076091,-1.7228,0.020837,-0.26046,-0.15754,0
-0.45867,-0.38204,-0.32265,-0.098204,-1.7838,0.015035,-0.3333,0.25397,0
-0.43022,-0.2628,0.16704,-0.014571,-1.7708,0.011435,-0.32073,-0.1156,0
-0.46833,0.54332,-0.11463,-0.020211,-1.7544,0.0094263,-0.29912,0.14983,0
-0.46145,-1.2637,-0.13682,-0.023063,-1.8016,0.006301,-0.33295,-0.0028946,0
-0.48291,1.214,0.10897,0.024602,-1.7274,0.010562,-0.25996,0.012925,0
-0.45205,-1.6447,-0.36852,-0.10233,-1.8211,0.009959,-0.34008,0.14737,0
-0.42956,1.1874,0.27244,-0.028625,-1.734,0.011544,-0.24686,-0.12118,0
-0.46703,-1.1624,-0.44257,-0.17151,-1.8264,0.010671,-0.31575,0.25219,0
-0.46436,0.45851,0.24571,-0.067355,-1.7641,0.012045,-0.2461,-0.18528,0
-0.39826,-0.27718,-0.38178,-0.17301,-1.8143,0.0080209,-0.27326,0.30517,0
-0.48868,-0.75837,0.0049747,-0.11302,-1.8205,0.0094712,-0.24424,-0.08888,0
-0.50465,0.73372,-0.090313,-0.10617,-1.7805,0.0078283,-0.20467,0.15722,0
-0.51892,-1.7171,-0.24139,-0.13229,-1.8597,0.0079824,-0.28498,0.09251,0
-0.49754,1.286,0.21547,-0.03666,-1.7578,0.0087332,-0.19194,-0.040399,0
-0.43642,-1.4275,-0.36321,-0.12811,-1.8521,0.0086626,-0.28579,0.20315,0
-0.54943,1.0103,0.34837,0.0080821,-1.7587,0.010748,-0.21976,-0.15367,0
-0.45907,-0.85878,-0.36075,-0.092231,-1.8318,0.0075652,-0.31554,0.25545,0
-0.59614,0.20429,0.29247,0.010902,-1.7781,0.0092017,-0.28053,-0.15742,0
-0.44922,0.042004,-0.16115,-0.053674,-1.786,0.0069941,-0.308,0.21997,0
-0.47803,-1.2463,0.082436,-0.033436,-1.8033,0.0098499,-0.3363,-0.073694,0
-0.53786,0.91104,0.084896,-0.0033121,-1.7549,0.0067117,-0.29958,0.11376,0
-0.41361,-1.7385,-0.25059,-0.059821,-1.8518,0.0067438,-0.39178,0.14189,0
-0.63835,1.2346,0.30816,0.066479,-1.7368,0.013187,-0.28103,-0.071138,0
-0.45147,-1.8313,-0.39017,-0.03991,-1.8496,0.006731,-0.37946,0.31985,0
-0.47646,0.6557,0.3846,0.135,-1.7419,0.0056656,-0.26283,-0.16727,0
-0.59819,-0.87631,-0.34531,0.039997,-1.8098,0.0014494,-0.29897,0.31781,0
-0.48979,-0.32945,0.23104,0.13671,-1.7817,-0.0001101,-0.25619,-0.11631,0
-0.53522,0.31397,-0.10934,0.096975,-1.7723,-0.0014449,-0.24663,0.17876,0
-0.57009,-1.7165,-0.05315,0.092254,-1.8259,-0.0022086,-0.28126,0.02855,0
-0.53801,1.2005,0.20121,0.12508,-1.7383,-0.001015,-0.18454,-0.0025296,0
-0.57699,-1.796,-0.22529,0.01069,-1.8261,-2.03E-05,-0.26241,0.14481,0
-0.47906,1.3311,0.39731,0.085183,-1.7271,0.00065358,-0.18956,-0.1287,0
-0.49048,-1.7492,-0.32083,-0.059769,-1.8188,-0.0024268,-0.2994,0.27317,0
-0.57509,0.18895,0.40061,0.034968,-1.7404,0.00034554,-0.25018,-0.20565,0
-0.52886,-0.77304,-0.25379,-0.086868,-1.791,-0.00346,-0.32618,0.33971,0
-0.61741,-1.0782,0.20057,-0.011251,-1.7727,-0.0061618,-0.33243,-0.10081,0
-0.50574,0.63395,-0.002792,0.0038237,-1.729,-0.0057832,-0.32884,0.17927,0
-0.54155,-1.6388,-0.10614,0.00070859,-1.7838,-0.0054687,-0.40776,0.11556,0
-0.57653,1.3381,0.27778,0.081849,-1.6743,-0.0024396,-0.33206,-0.039012,0
-0.48065,-2.3093,-0.28839,-0.022099,-1.7747,-0.0042301,-0.43895,0.29483,0
-0.55771,0.79124,0.45516,0.12243,-1.6709,-0.0012332,-0.33891,-0.18752,0
-0.5231,-1.0963,-0.31756,0.0032585,-1.7569,-0.0075223,-0.39616,0.31566,0
-0.55827,0.29551,0.37813,0.10261,-1.7067,-0.0063607,-0.321,-0.19088,0
-0.49812,-0.35184,-0.2334,0.0028924,-1.7517,-0.017656,-0.33984,0.30642,0
-0.52248,-1.4952,0.076628,0.022803,-1.7639,-0.013818,-0.331,-0.041957,0
-0.62425,0.82762,0.12745,0.0051597,-1.7383,-0.014338,-0.27401,0.13118,0
-0.53016,-2.2616,-0.1234,-0.074227,-1.8553,-0.01369,-0.35926,0.18881,0
-0.55817,1.2745,0.3502,0.036702,-1.7156,-0.0078817,-0.21131,-0.071844,0
-0.54215,-2.4177,-0.4607,-0.096129,-1.8709,-0.011431,-0.36604,0.41487,0
-0.55133,0.5521,0.41042,0.06601,-1.6778,-0.0066239,-0.20831,-0.20317,0
-0.57285,-1.2951,-0.4706,-0.079501,-1.7846,-0.010808,-0.32073,0.42759,0
-0.53834,-0.30995,0.26965,0.031603,-1.6858,-0.0075031,-0.24754,-0.16423,0
-0.54236,-0.091606,-0.22997,-0.042832,-1.6917,-0.0081127,-0.26953,0.31464,0
-0.58444,-2.2894,-0.055649,-0.034746,-1.7104,-0.0081512,-0.33656,-0.0097092,0
-0.58599,0.95535,0.08981,-0.015811,-1.5978,-0.0099353,-0.23418,0.12281,0
-0.54417,-2.9683,-0.49546,-0.12501,-1.6901,-0.014986,-0.39028,0.32318,0
-0.60178,1.2859,0.34129,0.0069838,-1.5019,-0.014402,-0.23307,-0.14931,0
-0.48493,-2.8596,-0.70103,-0.14107,-1.6472,-0.012759,-0.42283,0.5341,0
-0.61406,0.2171,0.35726,0.0095208,-1.4536,-0.01016,-0.27482,-0.26832,0
-0.56011,-1.4778,-0.58332,-0.12492,-1.637,-0.011001,-0.43897,0.52641,0
-0.55736,-1.7213,0.12771,-0.020037,-1.5285,-0.0083052,-0.37093,-0.1305,0
-0.53849,0.015256,-0.2466,-0.032164,-1.495,-0.012419,-0.31072,0.29948,0
-0.49752,-2.581,-0.29432,-0.046275,-1.5611,-0.0095374,-0.40466,0.17414,0
-0.63455,1.1922,0.16242,0.040126,-1.3638,-0.0069704,-0.18962,-0.003284,0
-0.55285,-3.0176,-0.59137,-0.10404,-1.576,-0.0064763,-0.40241,0.46162,0
-0.58573,1.2131,0.45687,0.04723,-1.3039,-0.023746,-0.13153,-0.23325,0
-0.4909,-2.2419,-0.67257,-0.16678,-1.533,-0.028045,-0.34227,0.56715,0
-0.58761,0.058958,0.40309,-0.04219,-1.3125,-0.022636,-0.1559,-0.23374,0
-0.62869,-0.90658,-0.44597,-0.15272,-1.4175,-0.029124,-0.26908,0.48226,0
-0.56908,-1.7726,0.10029,-0.076096,-1.3509,-0.024169,-0.26168,-0.051814,0
-0.5988,0.45557,-0.0064794,-0.062583,-1.2667,-0.025228,-0.16631,0.22907,0
-0.50581,-3.2572,-0.2747,-0.10842,-1.3783,-0.023861,-0.32366,0.24241,0
-0.60187,1.0226,0.34929,0.047178,-1.1474,-0.020486,-0.11034,-0.067512,0
-0.54816,-2.9396,-0.55771,-0.077015,-1.3386,-0.024991,-0.35499,0.44392,0
-0.59388,0.50555,0.48846,0.11383,-1.0748,-0.01987,-0.15543,-0.21451,0
-0.55706,-1.4065,-0.42514,0.0040228,-1.2484,-0.023239,-0.33241,0.40153,0
-0.6019,-0.10153,0.38693,0.1222,-1.1147,-0.02055,-0.25402,-0.19295,0
-0.56623,-0.091349,-0.14425,0.05924,-1.1062,-0.022623,-0.24349,0.29067,0
-0.60112,-1.3586,0.12162,0.060904,-1.1146,-0.020473,-0.26172,-0.068996,0
-0.58064,0.98682,0.18753,0.048193,-1.0777,-0.023053,-0.21024,0.1132,0
-0.61316,-1.9588,-0.22668,-0.051683,-1.2268,-0.02311,-0.38055,0.17871,0
-0.63616,1.4551,0.47351,0.062234,-0.99625,-0.019658,-0.15714,-0.09881,0
-0.55442,-2.2982,-0.37399,-0.065608,-1.0974,-0.022026,-0.22326,0.3392,0
-0.65501,0.36515,0.49531,0.059324,-0.97091,-0.021936,-0.070595,-0.20857,0
-0.54881,-1.0386,-0.37442,-0.074375,-1.1467,-0.025767,-0.22356,0.37529,0
-0.65874,-0.53682,0.2935,0.025546,-1.0547,-0.028912,-0.16498,-0.14771,0
-0.59331,0.20704,-0.075583,-0.0041214,-0.96899,0.0047993,-0.068675,0.22089,0
-0.59975,-1.8542,-0.037167,-0.014449,-1.0059,0.010986,-0.10626,0.011367,0
-0.64761,1.1723,0.25825,0.053736,-0.91621,0.0028933,-0.013723,0.046803,0
-0.57905,-2.1336,-0.32998,-0.017449,-1.0161,0.008438,-0.14601,0.22647,0
-0.62822,1.2152,0.46751,0.066396,-0.89589,0.0069812,-0.070576,-0.12665,0
-0.63817,-1.9658,-0.43722,-0.054329,-1.0055,0.011384,-0.20097,0.33304,0
-0.58113,0.27155,0.43364,0.073872,-0.90463,0.012147,-0.15418,-0.2002,0
-0.68224,-0.58038,-0.30364,0.031815,-0.94847,0.013578,-0.22273,0.33158,0
-0.57282,-0.62222,0.17775,0.093808,-0.92113,0.017589,-0.21775,-0.10837,0
-0.65427,0.61819,-0.011214,0.10129,-0.89363,0.021164,-0.19219,0.18881,0
-0.63668,-1.6776,-0.17018,0.057487,-0.94513,0.021003,-0.24505,0.043104,0
-0.59499,1.3366,0.28829,0.11233,-0.84037,0.020785,-0.1435,-0.034412,0
-0.67085,-2.0279,-0.4139,0.016265,-0.93176,0.021177,-0.20678,0.079976,0
-0.60611,0.91342,0.42231,0.082395,-0.8406,0.025868,-0.087157,-0.1268,0
-0.62608,-1.0903,-0.4233,-0.0049243,-0.91917,0.022839,-0.12697,0.18219,0
-0.67463,-0.23328,0.3321,0.050942,-0.8606,0.023923,-0.04117,-0.16165,0
-0.56496,-0.0037979,-0.3217,0.010144,-0.89911,0.022897,-0.069163,0.14498,0
-0.69974,-1.0468,-0.00015814,0.036022,-0.90052,0.023237,-0.074018,-0.11765,0
-0.59812,1.0927,0.012131,0.033196,-0.84756,0.019835,-0.019066,0.062355,0
-0.63348,-1.5321,-0.31801,-0.025683,-0.91588,0.015196,-0.096482,-0.0060585,0
-0.6788,1.3677,0.30539,0.012507,-0.81008,0.014586,-0.0099405,-0.044293,0
-0.57275,-2.0063,-0.58947,-0.079777,-0.87827,0.013071,-0.099057,0.25436,0
-0.69181,0.53674,0.40348,0.01173,-0.80912,0.010216,-0.077088,-0.15963,0
-0.61326,-0.79604,-0.54909,-0.054766,-0.8577,-0.0026514,-0.15359,0.29904,0
-0.62159,-0.25457,0.21821,0.015693,-0.82767,0.0047865,-0.16136,-0.11813,0
-0.68413,0.25974,-0.27098,-0.029999,-0.81557,0.0050817,-0.18856,0.1959,0
-0.57781,-1.7436,-0.15677,-0.025343,-0.83282,0.0042795,-0.22188,0.029134,0
-0.68205,1.2607,0.12821,0.053376,-0.78797,0.0050624,-0.19343,-0.0027486,0
-0.6276,-1.7023,-0.38096,0.016278,-0.86124,0.0050881,-0.26519,0.069194,0
-0.61216,1.2963,0.29451,0.057526,-0.77439,0.0058389,-0.18417,-0.10115,0
-0.68909,-1.7531,-0.67875,-0.063482,-0.84183,0.005486,-0.23436,0.30841,0
-0.59186,0.32286,0.27067,-0.0089707,-0.79509,0.0081621,-0.15616,-0.18711,0
-0.66333,-0.76086,-0.58926,-0.085577,-0.83234,0.0069748,-0.17331,0.30318,0
-0.67013,-1.1227,-0.0093638,-0.05729,-0.82927,0.0058132,-0.14285,-0.11212,0
-0.581,0.58228,-0.22312,-0.060945,-0.80389,0.0045554,-0.094401,0.15871,0
-0.72537,-2.1748,-0.3179,-0.097632,-0.83858,0.0042538,-0.10964,0.044929,0
-0.58647,1.0267,0.16212,-0.032581,-0.78161,0.0056079,-0.03688,-0.023509,0
-0.66649,-2.1543,-0.43194,-0.094768,-0.83181,0.0063331,-0.071115,0.20914,0
-0.6921,0.86893,0.33457,0.028186,-0.7769,0.0053319,-0.018385,-0.16462,0
-0.58325,-1.4195,-0.68066,-0.025882,-0.8244,0.0044399,-0.067365,0.32764,0
-0.72711,0.20275,0.28249,0.077006,-0.79883,0.0021681,-0.05255,-0.18251,0
-0.65425,-0.34325,-0.56984,0.035238,-0.81021,0.0062625,-0.070865,0.29142,0
-0.59934,-1.6032,-0.14357,0.052439,-0.81814,0.0064229,-0.083818,-0.05544,0
-0.62367,0.69099,-0.026953,0.047487,-0.80649,0.010607,-0.10037,0.11217,0
-0.67167,-2.2189,-0.31044,0.00010484,-0.85325,0.0024441,-0.17049,0.11308,0
-0.64551,1.1041,0.27208,0.04247,-0.80681,-0.022873,-0.14652,-0.06885,0
-0.66152,-1.922,-0.54107,-0.055472,-0.85863,-0.020582,-0.20264,0.26616,0
-0.64386,0.86832,0.36617,0.0069966,-0.81333,-0.019664,-0.15258,-0.18263,0
-0.65291,-1.1657,-0.60404,-0.077278,-0.85708,-0.023778,-0.17944,0.30306,0
-0.62191,-0.55662,0.20734,0.0010297,-0.84067,-0.026114,-0.13043,-0.16839,0
-0.65214,-0.0012227,-0.44546,-0.0048665,-0.83488,-0.029104,-0.099365,0.24701,0
-0.62742,-1.7738,-0.16617,0.026349,-0.84912,-0.031248,-0.086059,-0.019809,0
-0.64176,1.0927,-0.099242,0.087052,-0.82004,-0.035105,-0.033162,0.073356,0
-0.65194,-2.3404,-0.74134,0.050011,-0.8655,-0.035875,-0.06678,0.17197,0
-0.62347,0.99247,0.26427,0.11908,-0.82216,-0.03368,-0.012785,-0.10112,0
-0.65048,-2.0925,-1.0118,0.024004,-0.87218,-0.033128,-0.04293,0.30571,0
-0.62321,0.21416,0.36645,0.11343,-0.83719,-0.032859,-0.017075,-0.18419,0
-0.64742,-1.0223,-0.87258,0.02527,-0.86657,-0.031434,-0.06409,0.30109,0
-0.63327,-1.0852,0.046031,0.077173,-0.8616,-0.027571,-0.084209,-0.13444,0
-0.6335,0.31091,-0.45,0.041443,-0.85741,-0.023925,-0.10768,0.2023,0
-0.63855,-1.8486,-0.45236,0.036735,-0.888,-0.024195,-0.15504,0.036095,0
-0.63255,1.1763,0.072395,0.10216,-0.85091,-0.023868,-0.17013,0.0046258,0
-0.6357,-2.2607,-0.81898,0.014062,-0.89661,-0.02501,-0.25543,0.2132,0
-0.6396,0.97245,0.37215,0.11489,-0.8491,-0.023868,-0.21279,-0.15182,0
-0.66026,-1.7225,-0.96103,-0.0025607,-0.89365,-0.027314,-0.24424,0.31871,0
-0.6325,-0.039684,0.31861,0.090359,-0.86478,-0.02141,-0.20849,-0.18786,0
-0.63433,-0.32304,-0.71121,0.0060781,-0.88558,0.0012632,-0.2225,0.28848,0
-0.62778,-0.77417,-0.0061775,0.055194,-0.89577,-0.010051,-0.19821,-0.12237,0
-0.64357,0.65669,-0.23484,0.051141,-0.88575,-0.0094604,-0.15192,0.15737,0
-0.6272,-2.1631,-0.51047,-0.0037746,-0.92636,-0.0081769,-0.16566,0.076057,0
-0.63738,1.1196,0.22984,0.046831,-0.88475,-0.0031327,-0.10265,-0.037771,0
-0.63756,-1.8617,-0.83873,-0.057541,-0.93472,0.0017061,-0.1339,0.21912,0
-0.62534,0.82463,0.4364,0.042419,-0.89167,0.0070005,-0.079149,-0.157,0
-0.64868,-1.2967,-0.88028,-0.062422,-0.93052,0.0097472,-0.10409,0.28724,0
-0.61953,-0.067909,0.25822,0.035643,-0.90819,0.010139,-0.090374,-0.16299,0
-0.64406,0.022532,-0.59276,-0.024867,-0.91165,0.006808,-0.10814,0.24981,0
-0.628,-1.1908,-0.17699,-1.08E-05,-0.92639,0.0059095,-0.13156,-0.041178,0
-0.63327,0.99412,-0.09745,0.019875,-0.89864,0.0063652,-0.12447,0.08073,0
-0.63988,-1.8036,-0.6549,-0.041727,-0.94219,0.0053384,-0.18213,0.13834,0
-0.62624,1.23,0.28842,0.023876,-0.89525,0.004857,-0.15906,-0.096206,0
-0.64117,-1.7317,-0.9244,-0.087966,-0.94779,0.0020783,-0.23137,0.27979,0
-0.62958,0.77208,0.37607,0.006046,-0.90818,-0.00079035,-0.20812,-0.19064,0
-0.63428,-0.9992,-0.83347,-0.088987,-0.93924,-0.00052723,-0.24612,0.31885,0
-0.63496,-0.82052,0.14107,-0.019421,-0.92519,-0.0028504,-0.23246,-0.15457,0
-0.63216,0.2738,-0.46075,-0.049075,-0.92287,-0.0035627,-0.22863,0.22666,0
-0.63262,-1.2161,-0.34246,-0.031072,-0.94857,-0.0029081,-0.23941,0.0053072,0
-0.63581,1.2026,-0.0063124,0.034358,-0.91504,0.00048031,-0.19771,0.032639,0
-0.6298,-1.8642,-0.76708,-0.019877,-0.96532,-0.0061425,-0.23698,0.18894,0
-0.63436,1.2627,0.33162,0.090944,-0.91935,-0.024567,-0.18098,-0.12991,0
-0.63298,-1.7358,-0.88685,0.00044526,-0.97178,-0.020332,-0.20736,0.2987,0
-0.62803,0.31133,0.33818,0.074347,-0.94614,-0.021634,-0.16631,-0.18689,0
-0.6442,-0.53177,-0.68659,-0.016826,-0.97728,-0.022526,-0.18064,0.27867,0
-0.62264,-0.7228,0.043378,0.013265,-0.98432,-0.020133,-0.16903,-0.11088,0
-0.63942,0.50737,-0.22425,-0.011399,-0.9734,-0.021519,-0.15525,0.16338,0
-0.62852,-1.7664,-0.37913,-0.035825,-1.0128,-0.024317,-0.18867,0.058291,0
-0.6307,1.3156,0.20965,0.027145,-0.98019,-0.023393,-0.15586,-0.023825,0
-0.6382,-2.2103,-0.42757,-0.04492,-1.0597,-0.025318,-0.21613,0.20909,0
-0.62292,0.84829,0.40641,0.09228,-1.0011,-0.023701,-0.15267,-0.15377,0
-0.63727,-1.6282,-0.4,-0.0050142,-1.0595,-0.025947,-0.21945,0.2933,0
-0.62765,-0.37503,0.35217,0.075953,-1.0285,-0.028758,-0.19654,-0.18684,0
-0.63376,-0.22511,-0.25971,0.0026676,-1.0502,-0.030811,-0.21738,0.27981,0
-0.63242,-1.4731,0.037069,0.051559,-1.0715,-0.030715,-0.2248,-0.089294,0
-0.62854,0.81505,-0.012589,0.04195,-1.0439,-0.028732,-0.19607,0.10631,0
-0.63418,-2.0354,-0.23219,-0.01111,-1.1021,-0.027121,-0.24709,0.11505,0
-0.63014,1.1402,0.31456,0.053897,-1.0437,-0.025421,-0.18428,-0.088807,0
-0.63059,-1.7597,-0.29288,-0.061382,-1.1332,-0.027051,-0.27252,0.22834,0
-0.63344,0.83575,0.40547,0.054738,-1.0745,-0.027731,-0.23032,-0.18643,0
-0.63221,-1.2342,-0.39004,-0.034097,-1.1292,-0.033635,-0.27663,0.31824,0
-0.62927,-0.83291,0.24945,0.080128,-1.1235,-0.026749,-0.24313,-0.15406,0
-0.64096,0.048741,-0.18804,0.083904,-1.1441,0.0050367,-0.23602,0.22581,0
-0.62547,-1.9938,-0.044497,0.12921,-1.1941,0.0012697,-0.2562,-0.025894,0
-0.63749,0.78378,0.1382,0.15374,-1.166,0.0021745,-0.20246,0.059605,0
-0.62732,-2.7092,-0.2081,0.050178,-1.2563,0.0046966,-0.23364,0.204,0
-0.63318,0.76959,0.38299,0.14436,-1.1971,0.011615,-0.13049,-0.1276,0
-0.63673,-2.0462,-0.37462,-0.0035434,-1.2964,0.011916,-0.19822,0.40306,0
-0.6245,0.44394,0.38128,0.077526,-1.2354,0.008791,-0.12021,-0.21833,0
-0.63968,-1.1833,-0.26891,-0.06275,-1.3237,0.0089771,-0.1893,0.42268,0
-0.62752,-1.2303,0.20235,0.01085,-1.3053,0.0079759,-0.17458,-0.097764,0
-0.63243,0.18479,-0.006852,-0.021348,-1.2805,0.0077513,-0.17157,0.21768,0
-0.6379,-2.3612,-0.012524,-0.016897,-1.3566,0.0047544,-0.28819,0.078102,0
-0.62707,0.85433,0.25253,0.081676,-1.2651,0.0052806,-0.22481,0.017038,0
-0.63815,-3.2303,-0.3498,-0.0022459,-1.4236,0.0064678,-0.41715,0.34803,0
-0.62752,0.71464,0.37675,0.14948,-1.2821,0.0091824,-0.32355,-0.21366,0
-0.63185,-2.2124,-0.41738,-0.0063116,-1.441,0.0055822,-0.49128,0.47311,0
-0.62868,-0.14832,0.37871,0.12355,-1.3362,0.0067245,-0.38784,-0.27536,0
-0.63251,-1.3431,-0.47162,-0.0014367,-1.4785,0.002643,-0.50187,0.5341,0
-0.62987,-1.9568,-0.012274,0.072202,-1.4417,0.0052036,-0.5015,-0.039474,0
-0.63304,0.16606,-0.11108,0.061803,-1.3659,0.0040035,-0.40883,0.2426,0
-0.62738,-2.9142,-0.36027,-0.047752,-1.4883,0.0067181,-0.50107,0.28738,0
-0.63725,1.2041,0.25556,0.030228,-1.2926,0.0083097,-0.24811,-0.088394,0
-0.6335,-3.4009,-0.6752,-0.13322,-1.502,0.0077513,-0.41671,0.51068,0
-0.63113,0.50909,0.37718,0.046433,-1.2648,-0.011841,-0.14699,-0.25667,0
-0.63755,-2.3474,-0.67841,-0.11763,-1.3922,-0.016629,-0.2168,0.57284,0
-0.62474,-0.71488,0.24289,0.02132,-1.2705,-0.010346,-0.099513,-0.23415,0
-0.64188,-0.77784,-0.38611,-0.061086,-1.2958,-0.017412,-0.12726,0.4623,0
-0.62497,-2.2013,-0.081274,-0.052075,-1.2794,-0.015243,-0.16063,0.0015105,0
-0.63483,0.50116,0.025223,-0.021033,-1.2346,-0.018053,-0.10455,0.14362,0
-0.63656,-3.1183,-0.46352,-0.060559,-1.3986,-0.01444,-0.32231,0.33966,0
-0.62492,0.95103,0.2653,0.10025,-1.186,-0.012733,-0.16584,-0.12595,0
-0.64178,-3.0476,-0.71355,-0.059134,-1.3845,-0.015602,-0.40372,0.5909,0
-0.62608,0.24989,0.31608,0.12955,-1.1771,-0.01195,-0.24961,-0.26061,0
-0.63818,-1.8115,-0.64184,-0.015638,-1.2951,-0.012676,-0.40295,0.51567,0
-0.6329,-1.2748,0.086239,0.090899,-1.1651,-0.0075993,-0.35561,-0.11706,0
-0.62637,-0.035401,-0.11766,0.058444,-1.0961,-0.0083566,-0.27569,0.2197,0
-0.63647,-1.8809,-0.060897,0.011987,-1.164,-0.0065019,-0.31526,-0.033804,0
-0.63045,1.082,0.1105,0.0025134,-1.0995,-0.0066367,-0.23955,0.06036,0
-0.63212,-2.8149,-0.46577,-0.11995,-1.2537,-0.0078881,-0.38261,0.22883,0
-0.6338,0.80792,0.35886,-0.0099984,-1.0733,-0.0091203,-0.17207,-0.12931,0
-0.62531,-1.9357,-0.35918,-0.1524,-1.1665,-0.015416,-0.2154,0.27989,0
-0.63257,0.2345,0.38697,-0.032697,-1.0726,-0.012002,-0.10899,-0.22481,0
-0.63666,-1.0749,-0.32929,-0.10561,-1.1158,-0.01188,-0.1465,0.37154,0
-0.62481,-1.2793,0.095656,-0.038946,-1.1048,-0.0047435,-0.13304,-0.10582,0
-0.63864,0.39546,-0.013668,-0.0097222,-1.0652,-0.017848,-0.092834,0.17974,0
-0.62343,-2.4619,-0.126,-0.016023,-1.1265,-0.047792,-0.17309,0.060506,0
-0.63354,1.2569,0.25645,0.036503,-1.0461,-0.040803,-0.1213,-0.025042,0
-0.63215,-2.3951,-0.3832,-0.048472,-1.15,-0.044397,-0.24128,0.18626,0
-0.62255,0.89812,0.38466,0.10111,-1.0468,-0.039995,-0.17934,-0.15768,0
-0.64279,-2.03,-0.57911,-0.022536,-1.1209,-0.043832,-0.29273,0.34876,0
-0.62149,-0.37369,0.27622,0.065355,-1.042,-0.040515,-0.25944,-0.17501,0
-0.63775,-0.42545,-0.15303,-0.0012953,-1.0522,-0.04545,-0.27994,0.2114,0
-0.63069,-1.4999,0.13229,0.0099833,-1.0473,-0.045122,-0.28035,-0.15754,0
-0.62718,0.62959,0.022525,0.0018519,-1.0156,-0.046027,-0.23346,0.15652,0
-0.64148,-2.8816,-0.30699,-0.027263,-1.0722,-0.04656,-0.29659,-0.012484,0
-0.6228,0.9379,0.3276,0.056016,-0.95853,-0.047304,-0.16805,-0.0025296,0
-0.63214,-2.4975,-0.51271,-0.079019,-1.0562,-0.05222,-0.24412,0.14155,0
-0.63524,0.23268,0.4233,0.024679,-0.93822,-0.053176,-0.1218,-0.1432,0
-0.62554,-1.0727,-0.52209,-0.032556,-1.0058,-0.055121,-0.17344,0.18485,0
-0.63324,-0.61203,0.19876,0.051899,-0.9609,-0.054838,-0.15027,-0.21721,0
-0.6293,0.3121,-0.20076,0.029747,-0.96876,-0.056276,-0.17219,0.15963,0
-0.62918,-1.1857,-0.03258,0.022662,-0.9843,-0.05634,-0.21355,-0.075154,0
-0.63896,1.151,0.16261,0.034724,-0.91538,-0.056584,-0.15678,0.01256,0
-0.62234,-1.3776,-0.30672,0.0106,-0.96384,-0.055929,-0.21786,-0.026551,0
-0.63784,1.0154,0.36626,0.10725,-0.89979,-0.052451,-0.17769,-0.065321,0
-0.63015,-1.2795,-0.38421,0.047397,-0.93431,-0.046785,-0.21847,0.078808,0
-0.62494,0.44067,0.38363,0.101,-0.90334,-0.043101,-0.1861,-0.12974,0
-0.63922,-0.40127,-0.25089,0.047506,-0.93511,-0.045334,-0.20494,0.1499,0
-0.61879,-0.9801,0.203,0.087097,-0.9315,-0.04717,-0.19178,-0.11005,0
-0.63426,0.50324,-0.016405,0.069324,-0.94043,-0.047465,-0.1827,0.090733,0
-0.62974,-1.9792,-0.048917,0.031038,-0.98357,-0.043082,-0.17483,-0.039499,0
-0.62447,1.0748,0.26644,0.074662,-0.94196,-0.042363,-0.087408,-0.011096,0
-0.63992,-1.6073,-0.34965,-0.0082706,-1.0136,-0.043807,-0.1277,0.10504,0
-0.6217,0.84456,0.38402,0.078753,-0.96468,-0.042652,-0.070158,-0.12127,0
-0.63349,-1.195,-0.57996,-0.012478,-1.0384,-0.042985,-0.10808,0.23513,0
-0.63148,-0.0042795,0.31801,0.062934,-1.0032,-0.042132,-0.030124,-0.17156,0
-0.62842,-0.19128,-0.69883,-0.021694,-1.0353,-0.042632,-0.053937,0.2171,0
-0.63686,-1.0609,-0.23398,0.0061488,-1.0434,-0.045052,-0.082302,-0.099321,0
-0.62624,0.6834,-0.013128,0.021634,-0.99672,-0.044814,-0.063749,0.12252,0
-0.63076,-1.9253,-0.34111,-0.007821,-1.0369,-0.044436,-0.12952,0.10517,0
-0.6344,1.2318,0.19886,0.075805,-0.96708,-0.04158,-0.10201,-0.082918,0
-0.61947,-1.5338,-1.0602,-0.024334,-1.0429,-0.041214,-0.21785,0.13276,0
-0.63692,0.83567,0.41101,0.058881,-0.97874,-0.039359,-0.21396,-0.16696,0
-0.62894,-0.86663,-1.3159,0.0044275,-1.0039,-0.037409,-0.27115,0.21291,0
-0.62505,-0.34698,0.10431,0.084245,-0.97522,-0.035182,-0.26445,-0.13602,0
-0.63834,0.23558,-0.91818,0.039464,-0.98504,-0.025151,-0.29237,0.15172,0
-0.6212,-0.97172,-0.5029,0.03536,-1.0093,-0.023816,-0.28503,-0.045364,0
-0.63605,1.0398,-0.20774,0.023426,-0.97527,-0.026788,-0.22114,0.037117,0
-0.62877,-1.2032,-1.1689,-0.036769,-1.034,-0.030414,-0.24061,0.095187,0
-0.62294,1.3921,0.27379,0.018834,-0.97888,-0.027795,-0.14351,-0.095184,0
-0.63664,-0.92389,-1.4075,-0.07476,-1.0448,-0.03101,-0.15601,0.15978,0
-0.62024,0.9457,0.40831,-0.031676,-0.99693,-0.030914,-0.048941,-0.15094,0
-0.63146,-0.25869,-1.2334,-0.11843,-1.0347,-0.030349,-0.022797,0.23167,0
-0.63012,0.06084,0.04411,-0.074645,-1.0303,-0.030369,0.015105,-0.091777,0
-0.62091,0.78003,-0.65123,-0.086636,-1.0219,-0.031107,0.025605,0.09341,0
-0.63539,-0.73194,-0.58647,-0.078319,-1.0591,-0.030882,-0.023889,-0.0066913,0
-0.62249,1.2935,-0.0043081,0.0033677,-1.0044,-0.029598,0.0060243,0.0026544,0
-0.62811,-0.89666,-1.2004,-0.021078,-1.0607,-0.028122,-0.076644,0.1408,0
-0.63228,1.3403,0.43394,0.075792,-1.0019,-0.029605,-0.068444,-0.12276,0
-0.61947,-0.37065,-1.1673,0.019823,-1.0614,-0.033924,-0.17211,0.14296,0
-0.63502,0.68034,0.41751,0.058694,-1.0114,-0.037396,-0.17799,-0.15267,0
-0.62528,0.22372,-0.98641,-0.013537,-1.0267,-0.035246,-0.24664,0.18908,0
-0.62562,0.18459,-0.10027,0.019508,-1.0272,-0.03651,-0.26859,-0.042614,0
-0.63463,1.1523,-0.37251,0.035521,-0.99741,-0.034797,-0.25124,0.029815,0
-0.61862,-0.39682,-0.66623,0.03694,-1.0345,-0.040194,-0.28259,0.030497,0
-0.63537,1.4159,0.09229,0.082401,-0.98261,-0.027737,-0.2123,-0.05028,0
-0.62797,-0.51354,-1.1499,0.0097649,-1.0433,-0.011148,-0.24727,0.15788,0
-0.62264,1.2971,0.36849,0.078169,-0.98868,-0.017039,-0.17581,-0.12106,0
-0.63482,0.15018,-0.82798,0.048244,-1.0247,-0.010429,-0.18542,0.10658,0
-0.61971,0.72211,0.29895,0.096191,-1.0057,-0.0079908,-0.13362,-0.11361,0
-0.63039,0.7396,-0.5039,0.050454,-1.011,-0.0045574,-0.10202,0.089711,0
-0.62924,0.13629,-0.10163,0.043389,-1.02,-0.0056548,-0.08462,-0.030981,0
-0.61931,1.2916,0.017502,0.03466,-0.99116,-0.0028696,-0.05892,-0.0041602,0
-0.63675,0.0079865,-0.39531,0.008339,-1.0279,-0.0044483,-0.1067,0.069559,0
