-0.63873,1.2301,0.27583,0.098716,-0.10902,-0.011135,-0.41505,-0.0070807,1
-0.63799,-0.57934,-0.16512,0.074732,-0.11742,-0.012656,-0.46472,-0.03984,1
-0.63395,1.0717,0.49346,0.13829,-0.1123,-0.011655,-0.38613,-0.055708,1
-0.64173,-0.30821,-0.30405,0.095857,-0.12066,-0.013234,-0.43241,-0.0084437,1
-0.63136,0.73826,0.49817,0.13459,-0.11737,-0.01231,-0.38136,-0.094794,1
-0.6409,0.050898,-0.053054,0.094412,-0.12332,-0.014774,-0.38894,0.028818,1
-0.63571,-0.28646,0.37039,0.11601,-0.12818,-0.016257,-0.32851,-0.1101,1
-0.63533,0.83449,0.15002,0.11862,-0.12779,-0.017521,-0.23663,0.019642,1
-0.64021,-0.43147,0.11729,0.088105,-0.1354,-0.019183,-0.22437,-0.075787,1
-0.63219,1.2072,0.4359,0.10917,-0.13343,-0.018682,-0.19399,-0.0096362,1
-0.6396,-0.70316,-0.052758,0.062857,-0.14434,-0.024696,-0.24602,-0.0066427,1
-0.6368,1.1219,0.57662,0.11147,-0.16454,-0.046663,-0.1923,-0.071381,1
-0.63191,-0.42548,-0.014779,0.076813,-0.16052,-0.041079,-0.21764,0.040573,1
-0.6436,0.46264,0.55137,0.11756,-0.15923,-0.039193,-0.21258,-0.1074,1
-0.62747,0.30537,0.12352,0.11484,-0.15972,-0.039539,-0.24923,0.045319,1
-0.64114,-0.18431,0.35921,0.14276,-0.15929,-0.036966,-0.3338,-0.10064,1
-0.63815,0.912,0.28639,0.16888,-0.15899,-0.04013,-0.37649,0.048118,1
-0.63234,-1.1479,0.090652,0.13246,-0.16391,-0.041086,-0.43247,-0.018398,1
-0.6434,1.0421,0.47977,0.1792,-0.16074,-0.041079,-0.41957,-0.034583,1
-0.62845,-1.0697,-0.033023,0.11895,-0.16228,-0.038583,-0.46139,0.082385,1
-0.64009,0.99785,0.49066,0.19834,-0.15854,-0.036099,-0.44916,-0.093772,1
-0.635,-0.80424,-0.14781,0.13957,-0.16131,-0.037101,-0.47824,0.099836,1
-0.63247,-0.42592,0.34926,0.16146,-0.16318,-0.038333,-0.42891,-0.09993,1
-0.64318,0.30554,0.092348,0.12839,-0.16385,-0.039719,-0.38776,0.061941,1
-0.62893,-0.7508,0.18057,0.11423,-0.16912,-0.041099,-0.35492,-0.06812,1
-0.63921,1.0594,0.25669,0.15544,-0.16757,-0.038698,-0.25865,0.0070839,1
-0.63865,-0.97658,-0.031687,0.12155,-0.17242,-0.040861,-0.2282,-0.0079082,1
-0.62939,1.2129,0.41068,0.17382,-0.17131,-0.04201,-0.15993,-0.058093,1
-0.6449,-0.53451,-0.089741,0.1003,-0.17734,-0.045617,-0.20419,0.056149,1
-0.62781,0.94846,0.45401,0.13612,-0.18118,-0.048652,-0.17995,-0.090779,1
-0.63967,0.11577,-0.10262,0.088265,-0.18554,-0.054543,-0.18559,0.068391,1
-0.63795,0.18035,0.25884,0.10171,-0.17833,-0.044455,-0.20762,-0.082212,1
-0.62837,0.83637,0.22208,0.10105,-0.15928,-0.024907,-0.22618,0.0095177,1
-0.64207,-0.20763,0.2351,0.077925,-0.16376,-0.025973,-0.30309,-0.066003,1
-0.62872,1.2235,0.3514,0.12387,-0.15898,-0.022347,-0.34157,-0.011462,1
-0.63584,-0.44579,-0.0043916,0.091413,-0.16188,-0.022725,-0.41361,0.0046988,1
-0.63789,1.2395,0.4442,0.15535,-0.16033,-0.019953,-0.43401,-0.072647,1
-0.62781,-0.10293,0.035778,0.12056,-0.16108,-0.018766,-0.48736,0.020713,1
-0.64202,0.81557,0.42382,0.16653,-0.16217,-0.018086,-0.44979,-0.092142,1
-0.63008,0.34535,0.028416,0.15074,-0.1664,-0.020954,-0.45254,0.056758,1
-0.63598,0.12191,0.26195,0.15414,-0.16946,-0.020332,-0.45434,-0.059967,1
-0.63725,1.059,0.20567,0.15779,-0.1713,-0.023219,-0.40176,-0.0091981,1
-0.62801,-0.16832,0.13249,0.10437,-0.17748,-0.025074,-0.37626,-0.046532,1
-0.64141,1.2598,0.37017,0.11893,-0.1778,-0.02861,-0.30216,-0.035483,1
-0.63009,-0.22568,0.012658,0.072337,-0.18594,-0.033937,-0.32825,0.020299,1
-0.63563,1.1496,0.44665,0.13322,-0.1826,-0.032717,-0.27583,-0.076857,1
-0.63824,0.15364,-0.064745,0.096307,-0.18589,-0.034463,-0.28521,0.028745,1
-0.62865,0.72131,0.38113,0.12676,-0.18572,-0.034027,-0.25994,-0.081895,1
-0.6421,0.77008,0.225,0.11188,-0.18219,-0.032313,-0.26427,0.019983,1
-0.63114,0.30254,0.35166,0.12664,-0.18397,-0.031845,-0.31169,-0.056511,1
-0.63831,1.082,0.33419,0.16916,-0.17702,-0.02861,-0.34204,-0.010342,1
-0.63821,-0.18577,0.16481,0.1701,-0.18678,-0.0342,-0.4363,-0.020175,1
-0.63069,1.3,0.46716,0.2209,-0.17838,-0.027673,-0.43935,-0.050475,1
-0.64223,-0.22513,-0.021428,0.17521,-0.21184,-0.054697,-0.52859,0.0031898,1
-0.63176,0.97825,0.53109,0.22365,-0.21564,-0.063669,-0.46286,-0.079997,1
-0.63494,0.13942,-0.06179,0.17836,-0.21771,-0.058952,-0.57119,0.046998,1
-0.6374,0.47533,0.39963,0.20359,-0.22168,-0.062944,-0.54155,-0.091606,1
-0.63101,0.75222,0.12582,0.1749,-0.21766,-0.06055,-0.44803,0.035973,1
-0.64104,-0.13377,0.2573,0.15226,-0.22513,-0.065575,-0.39119,-0.068777,1
-0.6326,1.2282,0.21187,0.15987,-0.22396,-0.065453,-0.34232,-0.0035274,1
-0.63381,-0.38419,-0.26903,0.12432,-0.24148,-0.070176,-0.43319,-0.012849,1
-0.6403,1.2849,0.46247,0.17927,-0.22575,-0.065806,-0.32217,-0.054686,1
-0.62991,-0.42432,-0.24982,0.14177,-0.23128,-0.068553,-0.40322,0.07136,1
-0.63898,0.90116,0.46358,0.21588,-0.22495,-0.06639,-0.37808,-0.10292,1
-0.63109,0.12027,0.011328,0.20313,-0.22283,-0.06759,-0.38486,0.070338,1
-0.63582,0.030149,0.37276,0.23626,-0.22225,-0.064561,-0.39311,-0.10796,1
-0.63474,0.64686,0.15419,0.24091,-0.21983,-0.064908,-0.41208,0.073283,1
-0.6308,-0.82676,0.15881,0.21843,-0.22408,-0.0651,-0.50032,-0.034412,1
-0.63604,1.1713,0.3472,0.25936,-0.22303,-0.066448,-0.50825,-0.0076162,1
-0.63075,-1.1433,-0.2114,0.17625,-0.23169,-0.066512,-0.56339,0.039113,1
-0.62472,1.0005,0.50703,0.2394,-0.22597,-0.064991,-0.49853,-0.082528,1
-0.64067,-0.73561,-0.35608,0.13579,-0.2367,-0.067513,-0.60169,0.097426,1
-0.59485,0.31645,0.45076,0.18905,-0.23281,-0.068521,-0.5239,-0.12736,1
-0.43962,0.092192,-0.15374,0.12962,-0.23269,-0.064247,-0.54032,0.12086,1
-0.63593,-0.46479,0.23535,0.15985,-0.22685,-0.054409,-0.51722,-0.098786,1
-0.39589,0.81853,0.11609,0.17166,-0.2231,-0.057149,-0.45688,0.080876,1
-0.53642,-1.0618,-0.15763,0.11177,-0.23417,-0.055467,-0.50921,0.02249,1
-0.48728,1.2497,0.43542,0.16853,-0.21599,-0.054524,-0.34008,-0.03468,1
-0.38159,-1.08,-0.31389,0.062227,-0.23124,-0.059299,-0.45356,0.084065,1
-0.53896,0.98792,0.53743,0.12847,-0.21662,-0.058073,-0.3535,-0.11069,1
-0.2667,-0.7418,-0.34303,0.025996,-0.22886,-0.060698,-0.47154,0.1589,1
-0.47077,0.1124,0.37589,0.087501,-0.22201,-0.060544,-0.41903,-0.12631,1
-0.31791,0.17808,-0.080838,0.041475,-0.22114,-0.059729,-0.44221,0.14321,1
-0.54006,-0.81535,0.094609,0.048187,-0.22952,-0.063797,-0.51171,-0.045535,1
-0.52661,0.99428,0.23134,0.1105,-0.21814,-0.060248,-0.46878,0.023804,1
-0.32078,-1.243,-0.11674,0.071155,-0.23085,-0.06243,-0.5776,0.012463,1
-0.57756,1.0923,0.41173,0.18508,-0.21759,-0.060954,-0.50908,-0.059042,1
-0.34974,-1.2422,-0.29757,0.099268,-0.23191,-0.063406,-0.61771,0.18568,1
-0.52559,0.77362,0.44179,0.18652,-0.21891,-0.05908,-0.49129,-0.13412,1
-0.41548,-0.40687,-0.24647,0.058958,-0.23367,-0.061006,-0.60461,0.20313,1
-0.28614,-0.11262,0.26728,0.10486,-0.22849,-0.059517,-0.54179,-0.10589,1
-0.46999,0.49743,0.037448,0.08086,-0.21515,-0.054787,-0.44969,0.13846,1
-0.39818,-0.94774,0.053393,0.044712,-0.21915,-0.050949,-0.46119,-0.0058395,1
-0.55573,1.1464,0.29287,0.063235,-0.21076,-0.053022,-0.33909,0.012803,1
-0.37668,-1.3,-0.20591,-0.047444,-0.20964,-0.037935,-0.4272,0.11991,1
-0.42243,1.1228,0.42425,0.044256,-0.18242,-0.019529,-0.30752,-0.10064,1
-0.52694,-1.1541,-0.30062,-0.066359,-0.20479,-0.030529,-0.40035,0.21169,1
-0.44937,0.40606,0.38552,0.051013,-0.1905,-0.025459,-0.3086,-0.14955,1
-0.44818,-0.36136,-0.24983,-0.01732,-0.19857,-0.029348,-0.37224,0.22544,1
-0.40781,-0.63778,0.13818,0.042245,-0.19886,-0.026865,-0.37903,-0.07491,1
-0.30669,0.65189,0.051941,0.053331,-0.18916,-0.026024,-0.35002,0.10358,1
-0.496,-1.2378,-0.12681,0.023099,-0.19866,-0.025742,-0.46311,0.042642,1
-0.31525,1.1475,0.32413,0.10996,-0.18423,-0.022815,-0.41399,-0.033633,1
-0.46039,-1.2804,-0.17992,0.015513,-0.19751,-0.027603,-0.5128,0.1324,1
-0.59636,1.0677,0.46023,0.11967,-0.18834,-0.027744,-0.41855,-0.13096,1
-0.27973,-0.99361,-0.33892,0.0072407,-0.20049,-0.030709,-0.54136,0.21831,1
-0.50774,0.20067,0.36407,0.095067,-0.19518,-0.031472,-0.48461,-0.16688,1
-0.41217,-0.26647,-0.18647,0.018217,-0.19591,-0.027994,-0.51747,0.28641,1
-0.411,-1.0715,0.067789,0.037692,-0.19978,-0.026865,-0.52177,-0.010123,1
-0.36586,0.85983,0.18009,0.072022,-0.18757,-0.02277,-0.427,0.089808,1
-0.36846,-1.3725,-0.11432,0.020748,-0.19871,-0.023919,-0.49363,0.0901,1
-0.56868,1.159,0.39642,0.12378,-0.18255,-0.019176,-0.35725,-0.073304,1
-0.20446,-1.2864,-0.28317,0.012141,-0.19873,-0.018522,-0.45422,0.21267,1
-0.53135,0.93631,0.47414,0.12254,-0.18439,-0.014139,-0.35217,-0.16421,1
-0.36604,-0.69841,-0.20927,0.017729,-0.19373,-0.017739,-0.39189,0.2565,1
-0.37752,-0.094483,0.35789,0.10525,-0.18904,-0.014691,-0.3207,-0.15418,1
-0.40466,0.20343,-0.064848,0.081631,-0.20288,-0.030972,-0.31578,0.19558,1
-0.29768,-0.93278,0.047283,0.094849,-0.22509,-0.049031,-0.36853,-0.035629,1
-0.47288,1.02,0.24922,0.14478,-0.20794,-0.040932,-0.33534,0.058145,1
-0.3186,-1.4088,-0.15768,0.070705,-0.22515,-0.048588,-0.45512,0.10865,1
-0.50384,1.0719,0.46798,0.17997,-0.20882,-0.043832,-0.37831,-0.082942,1
-0.39324,-1.3412,-0.2925,0.065972,-0.22423,-0.050654,-0.52523,0.23104,1
-0.4148,0.498,0.46316,0.18269,-0.21752,-0.049178,-0.4569,-0.1599,1
-0.47408,-0.54226,-0.21017,0.086011,-0.22334,-0.049724,-0.50691,0.24564,1
-0.37244,-0.4005,0.2868,0.13499,-0.22332,-0.051341,-0.50673,-0.11482,1
-0.51718,0.52209,0.059585,0.10168,-0.21956,-0.050699,-0.49815,0.15182,1
-0.33998,-0.97754,0.0020132,0.058264,-0.22804,-0.050353,-0.54228,0.014677,1
-0.49464,1.1767,0.34801,0.10936,-0.21367,-0.044911,-0.41136,0.0051856,1
-0.3652,-1.3252,-0.2306,0.013863,-0.2311,-0.048562,-0.47291,0.17083,1
-0.45294,1.2275,0.48829,0.14129,-0.21843,-0.047593,-0.35204,-0.13743,1
-0.39457,-1.3003,-0.33958,0.0038301,-0.23409,-0.050558,-0.45588,0.295,1
-0.4897,0.25757,0.42797,0.11796,-0.22637,-0.049185,-0.37535,-0.16121,1
-0.29584,-0.52289,-0.19847,0.032785,-0.23369,-0.05317,-0.41596,0.3273,1
-0.44298,-0.90812,0.18057,0.063319,-0.2375,-0.054466,-0.41969,-0.043539,1
-0.52683,0.68149,0.10703,0.079832,-0.22837,-0.052393,-0.37194,0.12468,1
-0.36427,-1.8168,-0.15002,0.027614,-0.24292,-0.052592,-0.5195,0.10266,1
-0.45862,1.1166,0.34223,0.1386,-0.22629,-0.055897,-0.41996,-0.039231,1
-0.50053,-1.8441,-0.42569,0.0011068,-0.23024,-0.043749,-0.59979,0.30201,1
-0.46034,0.88591,0.43975,0.12944,-0.19777,-0.024689,-0.47467,-0.16593,1
-0.43515,-1.3097,-0.35097,-0.019562,-0.22731,-0.035021,-0.67148,0.39376,1
-0.46878,-0.077336,0.31434,0.092948,-0.20965,-0.027012,-0.5823,-0.15844,1
-0.34163,-0.23362,-0.23853,0.034699,-0.21087,-0.028527,-0.61165,0.30335,1
-0.49316,-1.3262,-0.032574,0.052451,-0.21327,-0.026762,-0.64297,-0.030567,1
-0.43306,0.77974,0.052172,0.068387,-0.19261,-0.024118,-0.50147,0.11877,1
-0.4561,-2.2149,-0.39795,-0.028657,-0.20721,-0.023264,-0.61805,0.21459,1
-0.50249,1.1872,0.33667,0.079068,-0.18052,-0.018567,-0.40144,-0.088515,1
-0.43375,-2.1408,-0.57411,-0.079154,-0.20787,-0.021487,-0.601,0.42684,1
-0.50649,0.70337,0.41909,0.053094,-0.1835,-0.017733,-0.40669,-0.20665,1
-0.42664,-1.5855,-0.5755,-0.075705,-0.19283,-0.019401,-0.5036,0.44139,1
-0.5718,-0.74096,0.21913,-0.011456,-0.17693,-0.017052,-0.40229,-0.15856,1
-0.47775,-0.096024,-0.24726,-0.054779,-0.17842,-0.018984,-0.39208,0.31269,1
-0.45946,-1.9767,-0.21458,-0.058183,-0.18536,-0.022327,-0.44387,0.040159,1
-0.54948,0.93825,0.18027,0.032656,-0.1666,-0.021179,-0.33642,0.075035,1
-0.44524,-2.5984,-0.56816,-0.064285,-0.18893,-0.027795,-0.53111,0.32073,1
-0.4885,1.1479,0.43645,0.087289,-0.16183,-0.024554,-0.35261,-0.14571,1
-0.47268,-2.2799,-0.70735,-0.069044,-0.1806,-0.026319,-0.57141,0.45746,1
-0.58657,0.34867,0.4026,0.069029,-0.15626,-0.021384,-0.45198,-0.216,1
-0.43537,-1.1533,-0.55038,-0.034457,-0.16342,-0.02234,-0.57361,0.43414,1
-0.53664,-1.1017,0.087022,0.010754,-0.1541,-0.020633,-0.54169,-0.1082,1
-0.39787,0.21405,-0.13632,-0.019774,-0.14946,-0.022892,-0.50371,0.25445,1
-0.40364,-2.3055,-0.32021,-0.064477,-0.16763,-0.03678,-0.58478,0.12206,1
-0.51844,1.0321,0.24738,0.038848,-0.14204,-0.02836,-0.39588,0.013899,1
-0.48617,-2.6605,-0.6084,-0.094723,-0.16317,-0.031299,-0.53825,0.37425,1
-0.53426,0.80401,0.46791,0.04651,-0.13607,-0.027757,-0.30761,-0.16584,1
-0.3528,-1.6778,-0.51772,-0.081916,-0.15848,-0.033898,-0.42488,0.37169,1
-0.48195,0.074917,0.38887,0.043838,-0.14525,-0.031537,-0.25872,-0.18762,1
-0.51919,-0.37449,-0.23597,-0.0051427,-0.14841,-0.034399,-0.22685,0.31637,1
-0.42235,-0.88164,0.11878,0.063184,-0.14766,-0.032884,-0.19406,-0.081798,1
-0.47151,0.67377,0.11161,0.092871,-0.14484,-0.031736,-0.20473,0.15085,1
-0.46147,-1.7555,-0.23093,0.037049,-0.16511,-0.037017,-0.40137,0.11123,1
-0.46967,1.1239,0.44169,0.14323,-0.13606,-0.034816,-0.17145,-0.043125,1
-0.541,-1.8719,-0.38897,0.014833,-0.1486,-0.034553,-0.32796,0.25392,1
-0.35644,0.8338,0.52726,0.12914,-0.13366,-0.031671,-0.24788,-0.16533,1
-0.33723,-1.1601,-0.34598,0.002006,-0.14161,-0.031678,-0.39285,0.30965,1
-0.56582,-0.1271,0.39333,0.071007,-0.13364,-0.029008,-0.36517,-0.17691,1
-0.41925,-0.092576,-0.086067,-0.0068062,-0.13181,-0.028386,-0.43018,0.26786,1
-0.49822,-1.2041,0.071251,-0.0047958,-0.13437,-0.027436,-0.48641,-0.040229,1
-0.44419,0.82097,0.25049,0.05116,-0.12352,-0.023566,-0.40042,0.11286,1
-0.45551,-2.0987,-0.2937,-0.020776,-0.1375,-0.023348,-0.50296,0.16866,1
-0.51368,1.0987,0.50961,0.11732,-0.11904,-0.023656,-0.30257,-0.083331,1
-0.40082,-1.7572,-0.43195,0.030492,-0.13251,-0.02517,-0.42924,0.27154,1
-0.51628,0.65788,0.50322,0.19067,-0.1411,-0.04905,-0.26524,-0.1681,1
-0.46368,-0.8837,-0.30942,0.097938,-0.15755,-0.060544,-0.28665,0.27166,1
-0.54771,-0.48197,0.2883,0.15457,-0.1496,-0.054415,-0.21674,-0.18837,1
-0.48627,0.2032,-2.97E-05,0.10918,-0.15009,-0.058727,-0.17372,0.23657,1
-0.51221,-1.6232,-0.074394,0.077321,-0.16156,-0.058856,-0.23648,-0.024799,1
-0.47802,0.96569,0.30139,0.13802,-0.15138,-0.060788,-0.15847,0.061966,1
-0.47796,-1.9443,-0.39438,0.02859,-0.16851,-0.064574,-0.32576,0.11147,1
-0.51776,1.0323,0.49688,0.11451,-0.15552,-0.062937,-0.21671,-0.067195,1
-0.51528,-1.4763,-0.47493,-0.0027341,-0.16998,-0.066319,-0.35813,0.18794,1
-0.57467,0.23285,0.4462,0.11621,-0.16206,-0.06872,-0.27261,-0.14919,1
-0.4902,-0.47966,-0.30524,0.051861,-0.16675,-0.068983,-0.34399,0.20532,1
-0.55672,-0.88475,0.14297,0.084765,-0.16688,-0.070446,-0.35363,-0.14457,1
-0.50969,0.71576,0.041213,0.086897,-0.15622,-0.068251,-0.3147,0.093118,1
-0.49586,-1.3044,-0.17508,0.042162,-0.16579,-0.069182,-0.38256,-0.063934,1
-0.5067,1.117,0.33841,0.096904,-0.15406,-0.068469,-0.25474,-0.015794,1
-0.48199,-1.479,-0.55735,0.0061873,-0.16849,-0.069233,-0.37255,0.042934,1
-0.5758,0.9485,0.45285,0.086262,-0.14927,-0.063932,-0.20192,-0.11565,1
-0.48286,-0.98356,-0.4531,-0.018155,-0.15837,-0.06467,-0.29189,0.11729,1
-0.6106,-0.15884,0.30015,0.052008,-0.15269,-0.063008,-0.23655,-0.16637,1
-0.46871,-0.092865,-0.14548,0.0045495,-0.15245,-0.063457,-0.20841,0.19208,1
-0.56294,-0.91207,0.09486,0.024004,-0.16014,-0.065883,-0.22342,-0.077807,1
-0.59737,0.82366,0.055101,0.049298,-0.15658,-0.068752,-0.17764,0.087107,1
-0.49544,-1.7681,-0.35155,-0.023133,-0.16249,-0.068379,-0.26764,0.11527,1
-0.56891,0.93531,0.35151,0.07393,-0.15573,-0.067032,-0.22469,-0.075787,1
-0.40084,-1.4273,-0.42758,-0.030301,-0.1658,-0.068367,-0.32631,0.20658,1
-0.6463,0.74769,0.40169,0.088953,-0.15944,-0.067905,-0.24035,-0.15839,1
-0.54905,-0.78914,-0.32444,-0.016813,-0.16332,-0.067045,-0.31192,0.23323,1
-0.51967,-0.27026,0.27028,0.030408,-0.15859,-0.062925,-0.29401,-0.17066,1
-0.60977,0.28175,-0.21669,-0.019877,-0.15118,-0.059106,-0.26258,0.22654,1
-0.5219,-1.23,-0.15783,-0.044322,-0.15497,-0.057078,-0.27658,-0.0020915,1
-0.61182,0.92407,0.1294,-0.0039095,-0.14694,-0.05455,-0.21649,0.051014,1
-0.51174,-1.9273,-0.47699,-0.10152,-0.15687,-0.057207,-0.30513,0.17716,1
-0.56129,1.0237,0.37589,0.0035154,-0.15389,-0.060685,-0.24506,-0.10368,1
-0.5753,-1.7153,-0.61587,-0.085307,-0.16377,-0.063996,-0.34713,0.28315,1
-0.53164,-0.038682,0.35135,0.06416,-0.16006,-0.063945,-0.31062,-0.16915,1
-0.51542,-0.69254,-0.48102,0.010677,-0.16427,-0.065029,-0.35697,0.28634,1
-0.59712,-0.73742,0.10907,0.087739,-0.16647,-0.064465,-0.35393,-0.10436,1
-0.59656,0.42003,-0.098356,0.095999,-0.16449,-0.067282,-0.31074,0.16638,1
-0.5792,-1.4437,-0.24082,0.070519,-0.17349,-0.069445,-0.35346,0.066785,1
-0.59349,1.0447,0.24959,0.13061,-0.16695,-0.068694,-0.30654,-0.018447,1
-0.46942,-1.7391,-0.63614,0.01234,-0.17011,-0.067359,-0.36039,0.26558,1
-0.63213,1.0789,0.46935,0.10245,-0.1675,-0.066737,-0.30147,-0.16722,1
-0.48687,-1.4559,-0.70176,-0.022677,-0.17223,-0.065697,-0.32976,0.32481,1
-0.58282,-0.059952,0.3694,0.049953,-0.17349,-0.068251,-0.26381,-0.17939,1
-0.52932,-0.24662,-0.4843,-0.014616,-0.17188,-0.067879,-0.2675,0.28463,1
-0.53498,-0.91393,0.01914,-0.015651,-0.17335,-0.066993,-0.2866,-0.057484,1
-0.63475,0.6756,-0.086863,0.014743,-0.16806,-0.063117,-0.26358,0.112,1
-0.50493,-1.6696,-0.56974,-0.0097479,-0.17059,-0.061962,-0.30391,0.12756,1
-0.60193,1.094,0.36243,0.11777,-0.16337,-0.058971,-0.25809,-0.059626,1
-0.53424,-1.8101,-0.81431,0.063993,-0.16734,-0.059851,-0.32637,0.27845,1
-0.55985,0.68185,0.52533,0.18746,-0.16734,-0.060473,-0.31039,-0.15827,1
-0.55766,-1.1946,-0.74483,0.13387,-0.17104,-0.061943,-0.37896,0.32314,1
-0.55558,-0.25767,0.35106,0.20691,-0.1733,-0.061904,-0.38315,-0.14422,1
-0.5691,0.069053,-0.38252,0.17386,-0.17502,-0.063868,-0.37852,0.24078,1
-0.55037,-1.1877,-0.1442,0.15999,-0.17904,-0.063598,-0.39451,-0.0059369,1
-0.60921,0.82475,0.097416,0.1755,-0.1793,-0.066737,-0.37107,0.07506,1
-0.59844,-1.6926,-0.63865,0.078432,-0.18828,-0.069952,-0.42524,0.1867,1
-0.53202,1.153,0.46878,0.13487,-0.18749,-0.07368,-0.37685,-0.10818,1
-0.50263,-1.7421,-0.79195,0.036491,-0.19347,-0.076575,-0.41,0.31875,1
-0.53769,0.4468,0.49404,0.13188,-0.18977,-0.073924,-0.34518,-0.19587,1
-0.61803,-0.66377,-0.68523,0.05802,-0.18826,-0.071049,-0.35751,0.32618,1
-0.60087,-0.44407,0.20422,0.092434,-0.18847,-0.071088,-0.34753,-0.14296,1
-0.5549,0.38416,-0.33912,0.083917,-0.18547,-0.069849,-0.36901,0.21554,1
-0.52819,-1.2417,-0.39384,0.069061,-0.18872,-0.070273,-0.42648,0.034975,1
-0.59553,1.0385,0.1554,0.11224,-0.18344,-0.067789,-0.38093,0.021443,1
-0.61219,-1.8488,-0.81661,0.039638,-0.18774,-0.066775,-0.43082,0.22591,1
-0.62387,0.89822,0.47998,0.12163,-0.18554,-0.067096,-0.38857,-0.14152,1
-0.58402,-1.3752,-0.9286,0.035489,-0.18937,-0.066929,-0.44879,0.30109,1
-0.57386,0.35062,0.40623,0.11912,-0.18913,-0.066461,-0.42196,-0.16917,1
-0.60477,-0.50437,-0.71357,0.080198,-0.18746,-0.062591,-0.4345,0.28028,1
-0.63095,-0.93737,-0.015544,0.11233,-0.19066,-0.06501,-0.4294,-0.079462,1
-0.61269,0.50542,-0.18724,0.11976,-0.18873,-0.063393,-0.39708,0.14213,1
-0.59452,-1.846,-0.50666,0.081791,-0.19449,-0.064805,-0.41842,0.085184,1
-0.5999,1.0558,0.2895,0.12598,-0.19022,-0.065511,-0.37121,-0.036992,1
-0.63425,-1.7463,-0.89471,0.017203,-0.1973,-0.067038,-0.43672,0.24671,1
-0.56944,0.88372,0.4861,0.078329,-0.19645,-0.069111,-0.38567,-0.16387,1
-0.65617,-1.2767,-0.94047,-0.032581,-0.2,-0.069958,-0.3974,0.33102,1
-0.58029,-0.014555,0.29372,0.0085959,-0.19976,-0.069111,-0.34964,-0.1726,1
-0.62694,-0.1116,-0.60865,-0.035902,-0.20097,-0.068174,-0.35953,0.27758,1
-0.632,-1.0097,-0.18122,-0.026178,-0.20735,-0.069502,-0.38296,-0.045948,1
-0.58535,0.84347,-0.10538,0.0086216,-0.20069,-0.065665,-0.37299,0.11405,1
-0.65874,-1.627,-0.66303,-0.038677,-0.20962,-0.067308,-0.44325,0.14944,1
-0.59606,1.2009,0.32112,0.056035,-0.20597,-0.066891,-0.40187,-0.080386,1
-0.61887,-1.7558,-0.90724,-0.0075769,-0.211,-0.067532,-0.46338,0.3006,1
-0.6627,0.62065,0.42577,0.11837,-0.21016,-0.068238,-0.42931,-0.18246,1
-0.56824,-0.88752,-0.72048,0.047782,-0.21474,-0.069727,-0.48689,0.31401,1
-0.68399,-0.33858,0.20338,0.091471,-0.21545,-0.072179,-0.48879,-0.1413,1
-0.59446,0.11014,-0.128,0.042515,-0.21685,-0.074579,-0.50717,0.21086,1
-0.62697,-1.3037,-0.020734,0.024936,-0.22311,-0.075092,-0.53678,0.0085442,1
-0.66407,0.99227,0.22304,0.059163,-0.21785,-0.074643,-0.47773,0.030448,1
-0.57586,-1.7329,-0.36508,-0.024501,-0.22675,-0.075002,-0.53714,0.18144,1
-0.68144,1.1707,0.4365,0.05854,-0.21851,-0.07327,-0.43366,-0.11439,1
-0.60938,-1.3855,-0.50265,-0.044932,-0.22432,-0.069939,-0.48935,0.29668,1
-0.61918,0.49741,0.40727,0.053203,-0.22097,-0.068848,-0.42703,-0.17903,1
-0.6768,-0.62219,-0.41475,-0.0012568,-0.22481,-0.06872,-0.43975,0.28368,1
-0.57783,-0.58625,0.13227,0.059228,-0.22808,-0.067834,-0.41598,-0.10733,1
-0.68373,0.52015,-0.10186,0.067834,-0.22661,-0.069201,-0.39681,0.16998,1
-0.61052,-1.5404,-0.19448,0.02701,-0.23561,-0.070818,-0.44561,0.055954,1
-0.62516,1.0831,0.27484,0.082324,-0.22944,-0.070587,-0.39048,-0.0079082,1
-0.67131,-1.8272,-0.43507,-0.012876,-0.23789,-0.069759,-0.46934,0.22097,1
-0.59509,0.98298,0.50542,0.079222,-0.22258,-0.060486,-0.41397,-0.15632,1
-0.65883,-1.2529,-0.42739,-0.026422,-0.23259,-0.063733,-0.52284,0.32372,1
-0.64347,0.21549,0.47845,0.056903,-0.22847,-0.063297,-0.49732,-0.1781,1
-0.59696,-0.27406,-0.1939,0.0164,-0.22715,-0.061372,-0.52995,0.27996,1
-0.69015,-1.0401,0.17338,0.073917,-0.22881,-0.06003,-0.55439,-0.075543,1
-0.59427,0.67837,0.11996,0.11403,-0.22249,-0.059754,-0.52175,0.11906,1
-0.65626,-1.5964,-0.1997,0.070063,-0.23195,-0.060916,-0.56225,0.11906,1
-0.66244,1.2095,0.4149,0.16736,-0.22321,-0.058837,-0.4788,-0.059991,1
-0.57877,-1.702,-0.46324,0.09343,-0.23346,-0.059928,-0.55377,0.27667,1
-0.71733,0.71053,0.46743,0.19536,-0.22773,-0.059613,-0.4728,-0.17014,1
-0.56367,-1.1755,-0.48181,0.074527,-0.232,-0.061205,-0.5028,0.31099,1
-0.68686,-0.35206,0.30398,0.11256,-0.23389,-0.062122,-0.45987,-0.14235,1
-0.64003,0.14626,-0.2049,0.03265,-0.23158,-0.061179,-0.44462,0.21354,1
-0.61411,-1.0669,0.0094715,-0.0074742,-0.2359,-0.062912,-0.45594,-0.0027243,1
-0.694,1.0557,0.18527,0.0048192,-0.22753,-0.059408,-0.41136,0.057974,1
-0.63614,-1.7769,-0.32325,-0.060103,-0.23653,-0.06089,-0.50092,0.17596,1
-0.61486,1.2247,0.45091,0.040068,-0.22546,-0.05892,-0.4573,-0.1186,1
-0.73317,-1.8998,-0.45404,-0.056661,-0.23861,-0.063541,-0.57053,0.40511,1
-0.59054,0.4924,0.50701,0.077205,-0.22601,-0.058066,-0.50593,-0.22147,1
-0.68273,-1.0539,-0.31141,0.015616,-0.23023,-0.060313,-0.60398,0.46359,1
-0.63012,-0.6114,0.27164,0.12326,-0.21904,-0.049916,-0.60026,-0.1184,1
-0.65062,0.12498,-0.0010447,0.10601,-0.20309,-0.03171,-0.61066,0.32022,1
-0.69525,-1.949,-0.029066,0.067237,-0.21418,-0.036209,-0.67796,0.15292,1
-0.62484,1.0774,0.27414,0.131,-0.18944,-0.028347,-0.53605,0.01441,1
-0.64335,-2.6922,-0.41853,-0.01328,-0.20884,-0.029977,-0.6988,0.43482,1
-0.62589,1.0507,0.43532,0.11461,-0.17972,-0.023155,-0.47693,-0.19207,1
-0.65712,-2.4928,-0.64072,-0.07837,-0.19755,-0.022796,-0.63887,0.58457,1
-0.63165,0.062201,0.37541,0.043113,-0.17416,-0.019889,-0.43989,-0.24773,1
-0.63845,-1.1,-0.48161,-0.10273,-0.18579,-0.020582,-0.55815,0.54115,1
-0.63669,-1.3253,0.034442,-0.027738,-0.18177,-0.021095,-0.51913,-0.050207,1
-0.63305,0.35009,-0.10398,-0.0015073,-0.16032,-0.019408,-0.35372,0.23659,1
-0.64465,-2.7434,-0.39014,-0.050906,-0.17038,-0.022289,-0.44917,0.20293,1
-0.6222,1.0679,0.32153,0.079607,-0.14891,-0.022629,-0.31693,-0.035751,1
-0.65508,-3.0104,-0.51686,-0.073842,-0.17663,-0.026024,-0.59893,0.42494,1
-0.63646,0.80228,0.49153,0.095164,-0.148,-0.022411,-0.38133,-0.21882,1
-0.64368,-2.2011,-0.66071,-0.079757,-0.16115,-0.025106,-0.54425,0.55671,1
-0.62633,-0.24676,0.32501,0.043447,-0.14369,-0.025921,-0.43749,-0.2058,1
-0.64794,-0.66316,-0.41511,-0.054246,-0.13998,-0.020588,-0.50446,0.43275,1
-0.62625,-1.7555,-0.075923,-0.051978,-0.1393,-0.022302,-0.52633,-0.013603,1
-0.64303,0.58709,0.0092338,-0.024013,-0.12047,-0.017739,-0.41789,0.1802,1
-0.63927,-2.7796,-0.50204,-0.097998,-0.13389,-0.021904,-0.52557,0.29451,1
-0.62458,1.1757,0.33433,0.052612,-0.11127,-0.016757,-0.35916,-0.10397,1
-0.64707,-2.3824,-0.58606,-0.057746,-0.14174,-0.039424,-0.47622,0.34842,1
-0.61746,0.56007,0.38334,0.092389,-0.13898,-0.052047,-0.35445,-0.21018,1
-0.64676,-1.229,-0.51919,-0.0037489,-0.14091,-0.045212,-0.43301,0.38478,1
-0.62566,-0.41526,0.1939,0.086486,-0.14038,-0.050423,-0.37036,-0.19003,1
-0.63687,-0.0002144,-0.24718,0.031359,-0.13488,-0.046374,-0.3525,0.31617,1
-0.63683,-1.6496,-0.13869,0.016843,-0.14388,-0.049756,-0.39432,-0.0054988,1
-0.62718,0.85331,0.16977,0.068316,-0.1369,-0.050288,-0.3331,0.082872,1
-0.6352,-2.4606,-0.40268,-0.043391,-0.15553,-0.055301,-0.47002,0.17633,1
-0.63141,1.0284,0.43353,0.060968,-0.13684,-0.0481,-0.33346,-0.12719,1
-0.63476,-1.8583,-0.42092,-0.075814,-0.15578,-0.054781,-0.47996,0.34504,1
-0.62922,0.66103,0.47264,0.048566,-0.14506,-0.054761,-0.34509,-0.20814,1
-0.63553,-1.0348,-0.32668,-0.031149,-0.15221,-0.056411,-0.39214,0.36135,1
-0.62943,-0.87634,0.21755,0.066903,-0.14813,-0.05532,-0.37465,-0.15153,1
-0.63819,0.25114,-0.012769,0.080275,-0.14058,-0.054081,-0.33796,0.23294,1
-0.62674,-1.7987,-0.1615,0.064192,-0.15053,-0.055551,-0.40635,0.031738,1
-0.63635,1.1901,0.30929,0.15007,-0.13564,-0.05206,-0.28152,0.045586,1
-0.63478,-2.4918,-0.46695,0.048964,-0.14968,-0.054126,-0.41013,0.13179,1
-0.62673,0.94634,0.49181,0.16151,-0.13296,-0.052015,-0.31251,-0.12456,1
-0.64077,-1.6292,-0.56919,0.0459,-0.14589,-0.051899,-0.46129,0.24844,1
-0.6198,0.27953,0.36797,0.14015,-0.1338,-0.048209,-0.34878,-0.19916,1
-0.64343,-0.72047,-0.27185,0.060641,-0.13557,-0.046624,-0.37887,0.25027,1
-0.62535,-1.2371,0.1518,0.082446,-0.12295,-0.031248,-0.38168,-0.20782,1
-0.63646,0.53277,0.054934,0.10407,-0.11952,-0.03316,-0.34114,0.19059,1
-0.63469,-2.2519,-0.2975,0.071091,-0.12936,-0.034027,-0.41808,-0.0376,1
-0.62625,1.1272,0.39578,0.16816,-0.11599,-0.032846,-0.27042,-0.0067157,1
-0.63885,-1.8144,-0.43131,0.066293,-0.12754,-0.032859,-0.38856,0.17312,1
-0.62293,0.83381,0.52087,0.15238,-0.11072,-0.028084,-0.25161,-0.15581,1
-0.63454,-0.65943,-0.28481,0.032418,-0.11897,-0.030041,-0.30239,0.20595,1
-0.63109,0.21049,0.41449,0.083455,-0.11442,-0.028071,-0.25986,-0.15749,1
-0.63085,0.088377,-0.042505,0.03579,-0.11503,-0.02922,-0.29241,0.19994,1
-0.63126,-1.2066,0.11319,0.048912,-0.11778,-0.027461,-0.32844,-0.087834,1
-0.62922,0.94925,0.24963,0.10112,-0.10985,-0.026492,-0.26377,0.057609,1
-0.62673,-1.3485,-0.15698,0.059979,-0.11968,-0.027904,-0.35569,0.024899,1
-0.63258,1.2127,0.40059,0.17187,-0.11091,-0.026679,-0.30341,-0.061354,1
-0.62884,-1.3237,-0.49803,0.10391,-0.12503,-0.031036,-0.44705,0.13371,1
-0.6291,0.58683,0.38059,0.20557,-0.11322,-0.027198,-0.35236,-0.14712,1
-0.63428,-0.39971,-0.43196,0.10956,-0.1187,-0.026788,-0.42127,0.19142,1
-0.62295,-0.089506,0.1128,0.13737,-0.11574,-0.024612,-0.39275,-0.1406,1
-0.63638,0.49686,-0.054454,0.074681,-0.11156,-0.023014,-0.36923,0.15192,1
-0.62405,-1.0665,-0.085212,0.02229,-0.12023,-0.026107,-0.41017,-0.034534,1
-0.63216,1.11,0.24514,0.051199,-0.11104,-0.022494,-0.32711,0.021492,1
-0.63248,-1.5961,-0.261,-0.063559,-0.12389,-0.022725,-0.41781,0.12191,1
-0.62291,1.217,0.44656,0.033928,-0.084295,0.010447,-0.29643,-0.12115,1
-0.63747,-1.3547,-0.45651,-0.070181,-0.096376,0.005717,-0.3286,0.29308,1
-0.62271,0.39397,0.40333,0.071258,-0.0947,0.00099371,-0.25858,-0.18127,1
-0.63628,-0.48432,-0.34299,0.0094052,-0.097616,0.0027649,-0.31915,0.30065,1
-0.62862,-0.75833,0.14688,0.060307,-0.099658,0.0032655,-0.32515,-0.096255,1
-0.62998,0.63608,0.026746,0.061405,-0.089979,0.0077257,-0.28274,0.1592,1
-0.63334,-1.4312,-0.18549,0.0013702,-0.099253,0.0051972,-0.33073,0.081972,1
-0.62849,1.2099,0.32424,0.06565,-0.092144,0.0048827,-0.28208,-0.037673,1
-0.63175,-2.1887,-0.59464,-0.051041,-0.10227,-6.52E-05,-0.38188,0.25416,1
-0.63099,0.7455,0.47554,0.043999,-0.096729,-0.0010342,-0.32698,-0.16783,1
-0.62878,-1.1873,-0.6237,-0.078344,-0.10378,-0.0012973,-0.3969,0.34054,1
-0.63027,0.19392,0.32618,0.011807,-0.10625,-0.005289,-0.38741,-0.17822,1
-0.63176,-0.37837,-0.35271,-0.021842,-0.10735,-0.0058409,-0.43438,0.2885,1
-0.62558,-1.3719,-0.011638,0.015154,-0.11381,-0.0078945,-0.44705,-0.048625,1
-0.63497,0.85656,0.048896,0.054764,-0.11007,-0.0071052,-0.39554,0.11677,1
-0.62649,-2.0809,-0.37221,0.01358,-0.11831,-0.0068356,-0.46014,0.15537,1
-0.63006,1.12,0.40231,0.11811,-0.11223,-0.0050002,-0.39728,-0.071527,1
-0.62967,-1.7688,-0.51808,0.029714,-0.11871,-0.0044932,-0.44,0.26378,1
-0.62572,0.65618,0.50466,0.12416,-0.11478,-0.0017209,-0.38057,-0.17674,1
-0.63617,-0.86023,-0.42308,0.012096,-0.11767,-0.0018557,-0.41485,0.3337,1
-0.62117,-0.10135,0.32556,0.052985,-0.118,-0.0017722,-0.38604,-0.14483,1
-0.636,0.056877,-0.1211,0.00081136,-0.11355,0.0040356,-0.3496,0.22138,1
-0.62888,-1.4194,-0.030942,-0.01653,-0.11995,-0.00059783,-0.34758,0.014604,1
-0.62562,0.8729,0.23028,0.020986,-0.11998,-0.0052505,-0.31716,0.028234,1
-0.63448,-1.7477,-0.31145,-0.038304,-0.12242,-0.00071334,-0.36679,0.16163,1
-0.62407,1.044,0.44359,0.058855,-0.11828,-0.0022471,-0.29251,-0.12709,1
-0.63424,-1.6382,-0.61056,-0.020429,-0.12709,-0.0037039,-0.37286,0.31919,1
-0.62774,0.57251,0.40914,0.11735,-0.12854,-0.0061746,-0.35313,-0.18808,1
-0.63008,-0.82568,-0.44813,0.065984,-0.13672,-0.010295,-0.40477,0.29797,1
-0.63153,-0.86851,0.1762,0.1146,-0.14286,-0.01496,-0.41018,-0.11957,1
-0.62902,0.41011,-0.086433,0.11329,-0.14002,-0.013016,-0.41308,0.15238,1
-0.62808,-1.6783,-0.17238,0.08235,-0.15172,-0.018971,-0.46537,0.0096637,1
-0.63638,0.9315,0.25877,0.11679,-0.14782,-0.017617,-0.40747,0.015651,1
-0.62457,-2.067,-0.54817,0.0046201,-0.15646,-0.019754,-0.45784,0.25842,1
-0.63411,0.85661,0.47953,0.089133,-0.14847,-0.01564,-0.39202,-0.16533,1
-0.63085,-1.1291,-0.56273,-0.026203,-0.15039,-0.013349,-0.42818,0.26545,1
-0.62396,0.1965,0.44927,0.044224,-0.1481,-0.01154,-0.37829,-0.19003,1
-0.6384,-0.4178,-0.34749,-0.028914,-0.14978,-0.010981,-0.39789,0.28848,1
-0.62199,-1.1342,0.1142,-0.0016358,-0.15489,-0.012445,-0.41426,-0.048187,1
-0.63453,0.72305,0.085506,0.030684,-0.15047,-0.010282,-0.39078,0.088421,1
-0.62633,-1.7383,-0.22264,0.023195,-0.15654,-0.01111,-0.44208,0.041206,1
-0.62804,1.0251,0.41923,0.11907,-0.14966,-0.0081641,-0.40478,-0.029496,1
-0.63634,-2.1429,-0.52064,0.037679,-0.15815,-0.010725,-0.47201,0.2299,1
-0.62296,0.44877,0.54302,0.16668,-0.15076,-0.0057254,-0.40989,-0.16328,1
-0.63438,-1.3678,-0.47504,0.082273,-0.15964,-0.011257,-0.44792,0.29675,1
-0.62607,-0.34764,0.39991,0.15368,-0.181,-0.034996,-0.43532,-0.1736,1
-0.62679,-0.12884,-0.26476,0.090257,-0.17913,-0.031145,-0.46926,0.25341,1
-0.63506,-1.1494,-0.03021,0.069768,-0.18672,-0.037101,-0.46794,-0.02896,1
-0.62047,0.93354,0.15641,0.059549,-0.1829,-0.037537,-0.38409,0.065495,1
-0.62855,-1.3822,-0.34208,-0.045928,-0.19164,-0.040258,-0.42597,0.050186,1
-0.63345,1.189,0.46562,0.0057827,-0.1847,-0.040643,-0.36147,-0.064421,1
-0.62351,-1.6431,-0.5879,-0.094267,-0.19545,-0.043139,-0.40966,0.29928,1
-0.63581,0.6109,0.48008,0.0097777,-0.19254,-0.045296,-0.33586,-0.16374,1
-0.62299,-0.48334,-0.40929,-0.034335,-0.19183,-0.044442,-0.34715,0.21955,1
-0.62932,-0.37035,0.2951,0.034955,-0.19184,-0.044275,-0.35602,-0.1772,1
-0.63577,0.21273,-0.18151,0.026079,-0.1901,-0.042844,-0.37836,0.21882,1
-0.6219,-1.4934,-0.15175,0.023625,-0.19531,-0.041176,-0.42268,0.025143,1
-0.63632,0.95013,0.23283,0.093397,-0.18869,-0.038885,-0.36879,-0.0033814,1
-0.62615,-1.6536,-0.36545,-0.00028695,-0.19496,-0.041548,-0.41242,0.10388,1
-0.62913,1.0054,0.45001,0.049034,-0.19317,-0.04099,-0.39293,-0.11397,1
-0.63462,-1.3598,-0.50134,-0.055582,-0.20303,-0.045995,-0.46481,0.21503,1
-0.61955,0.18078,0.39556,0.022476,-0.2053,-0.051771,-0.43636,-0.18407,1
-0.637,-0.42795,-0.17308,-0.038612,-0.20606,-0.050917,-0.47923,0.23576,1
-0.62425,-0.59244,0.26748,0.001216,-0.20864,-0.051469,-0.45285,-0.13554,1
-0.62739,0.42173,0.034699,-0.014398,-0.20371,-0.048902,-0.44581,0.19441,1
-0.63372,-1.6248,-0.083953,-0.039441,-0.21233,-0.049493,-0.53768,0.086231,1
-0.62265,1.2032,0.24671,0.074276,-0.1717,-0.016565,-0.47683,-0.048455,1
-0.63468,-1.6689,-0.55049,0.011865,-0.18195,-0.01856,-0.57984,0.14905,1
-0.62722,0.80271,0.39166,0.11985,-0.17395,-0.016552,-0.49963,-0.15016,1
-0.62581,-1.057,-0.54639,-0.0070246,-0.17996,-0.016102,-0.53883,0.23854,1
-0.6335,0.0060856,0.30331,0.052451,-0.17732,-0.015166,-0.463,-0.18721,1
-0.6227,-0.3279,-0.2459,-0.030038,-0.17689,-0.011713,-0.4835,0.27638,1
-0.63156,-1.0213,0.073693,-0.012812,-0.18179,-0.010866,-0.52291,-0.055464,1
-0.62762,0.71015,-0.059124,0.0090584,-0.17283,-0.009685,-0.49426,0.082556,1
-0.6233,-1.6678,-0.42436,-0.055761,-0.18236,-0.012284,-0.56546,0.069024,1
-0.63398,1.1213,0.32489,0.043658,-0.17165,-0.0088571,-0.47296,-0.067025,1
-0.62307,-1.9179,-0.60854,-0.040803,-0.18256,-0.014325,-0.53789,0.21955,1
-0.63101,0.47882,0.46219,0.096718,-0.17471,-0.01333,-0.45223,-0.16954,1
-0.63059,-0.91727,-0.56957,0.010189,-0.17896,-0.013356,-0.50813,0.29198,1
-0.62295,-0.32987,0.25653,0.078522,-0.17658,-0.013722,-0.46463,-0.14021,1
-0.63382,0.077582,-0.10975,0.03685,-0.17442,-0.014582,-0.45876,0.2113,1
-0.62465,-1.5614,-0.0015393,0.017755,-0.17986,-0.012509,-0.49475,-0.0024322,1
-0.62103,0.98276,0.23532,0.046902,-0.16945,-0.0085042,-0.41328,0.026506,1
-0.63681,-1.9124,-0.32053,-0.061227,-0.17764,-0.0057896,-0.48482,0.13272,1
-0.6207,0.9231,0.46082,0.012726,-0.16999,-0.0033702,-0.4217,-0.10158,1
-0.63517,-1.541,-0.28152,-0.1323,-0.18404,-0.0050323,-0.51774,0.31467,1
-0.62328,0.45326,0.47681,-0.011713,-0.18139,-0.0067073,-0.43661,-0.1646,1
-0.62392,-0.47845,-0.27339,-0.053687,-0.184,-0.0070346,-0.46241,0.23284,1
-0.63231,-0.51002,0.23357,0.028834,-0.19149,-0.011597,-0.46314,-0.14089,1
-0.62278,0.36712,0.028814,0.064148,-0.19559,-0.019914,-0.45692,0.2032,1
-0.62876,-1.1964,0.051523,0.05662,-0.20271,-0.018913,-0.51006,0.097596,1
-0.6272,1.143,0.21706,0.13564,-0.19703,-0.022231,-0.42757,-0.06021,1
-0.62134,-0.86885,-0.63398,0.060583,-0.20818,-0.026768,-0.49605,0.073964,1
-0.63309,1.0705,0.50078,0.13843,-0.20377,-0.028379,-0.44897,-0.11772,1
-0.62229,-0.59089,-0.28391,0.019232,-0.21423,-0.029393,-0.55782,0.20612,1
-0.62666,0.63312,0.47656,0.090944,-0.21149,-0.029335,-0.52519,-0.12996,1
-0.62972,0.13679,-0.080606,0.014537,-0.20883,-0.02845,-0.53979,0.11977,1
-0.619,-0.045945,0.25353,0.0099897,-0.2131,-0.029271,-0.52469,-0.11144,1
-0.63322,0.66426,0.17165,0.0097328,-0.20626,-0.026505,-0.46919,0.098911,1
-0.62331,-0.92222,-0.072358,-0.010332,-0.21832,-0.029143,-0.54125,0.050405,1
-0.6233,1.1176,0.39029,0.078053,-0.20728,-0.028309,-0.45282,-0.061184,1
-0.6314,-0.83814,-0.094257,0.0038622,-0.22443,-0.034225,-0.54301,0.073356,1
-0.61833,0.89923,0.4321,0.076659,-0.21103,-0.028745,-0.43893,-0.12381,1
-0.63105,-0.34147,-0.23219,-0.0046802,-0.22237,-0.032011,-0.49921,0.18473,1
-0.62462,0.51301,0.32005,0.064719,-0.21962,-0.031614,-0.44989,-0.11782,1
-0.62193,0.23627,0.020752,0.03888,-0.22323,-0.033115,-0.47567,0.12403,1
-0.63252,-0.39395,0.14698,0.027338,-0.22959,-0.033866,-0.51489,-0.04753,1
-0.61859,0.99268,0.29141,0.0069516,-0.22367,-0.031344,-0.48906,0.02137,1
-0.62947,-0.58214,0.054504,-0.048818,-0.23693,-0.034501,-0.60238,0.051598,1
-0.62674,1.2186,0.46655,0.037615,-0.21976,-0.031524,-0.48487,-0.077709,1
-0.61959,-0.65562,0.059868,-0.037251,-0.22599,-0.036266,-0.50899,0.17268,1
-0.63334,0.9949,0.49771,0.041475,-0.23576,-0.052137,-0.46867,-0.12797,1
-0.62142,-0.23651,0.0043965,-0.038921,-0.23304,-0.047561,-0.51312,0.19833,1
-0.62798,0.13537,0.32732,-0.0099406,-0.23229,-0.046406,-0.49502,-0.099638,1
-0.63094,0.529,0.2517,-0.0053867,-0.22911,-0.046072,-0.48194,0.077566,1
-0.60884,-0.58125,0.19595,-0.011572,-0.23133,-0.045135,-0.49125,-0.054588,1
-0.66755,1.0314,0.29945,0.030421,-0.22613,-0.042183,-0.43925,0.034683,1
-0.73241,-1.2388,-0.10801,-0.024842,-0.23317,-0.043184,-0.48581,0.088689,1
-0.58912,1.0765,0.40402,0.066601,-0.23005,-0.043563,-0.44555,-0.1018,1
-0.76285,-1.0423,-0.14841,-0.01443,-0.23879,-0.046598,-0.4941,0.23153,1
-0.81898,0.60264,0.35829,0.060326,-0.23985,-0.04699,-0.46849,-0.1508,1
-0.80044,-0.43691,-0.075094,0.0069709,-0.23873,-0.04312,-0.4804,0.23844,1
-0.82655,-0.72167,0.17571,0.021095,-0.23993,-0.042196,-0.48188,-0.10555,1
-0.81822,0.61144,0.22197,0.014608,-0.24092,-0.045225,-0.495,0.086523,1
-0.75109,-1.0214,0.083663,-0.035061,-0.25117,-0.04905,-0.54095,-0.047725,1
-0.73629,1.1849,0.38221,0.022026,-0.24505,-0.050481,-0.47939,0.023974,1
-0.66797,-1.5209,-0.11225,-0.083239,-0.25421,-0.054043,-0.54783,0.15764,1
-0.82309,1.009,0.50431,-0.015008,-0.24732,-0.04921,-0.51077,-0.11838,1
-0.63895,-1.0687,-0.095048,-0.11179,-0.2506,-0.050699,-0.54676,0.21989,1
-0.81042,0.20815,0.45073,-0.034752,-0.24837,-0.052092,-0.51429,-0.15617,1
-0.79673,-0.21488,-0.032869,-0.056147,-0.25188,-0.056469,-0.54646,0.2106,1
-0.65041,-0.97689,0.17561,-0.019851,-0.25092,-0.054768,-0.55868,-0.10173,1
-0.94339,0.81047,0.1262,0.026426,-0.2198,-0.02141,-0.54755,0.067466,1
-0.65438,-1.3303,-0.17967,-0.0091955,-0.23389,-0.026646,-0.63679,-0.026381,1
-0.97013,1.131,0.3631,0.074585,-0.22316,-0.025985,-0.56922,-0.017716,1
